CREATE DATABASE  IF NOT EXISTS `GoDok` /*!40100 DEFAULT CHARACTER SET utf8mb4 */;
USE `GoDok`;
-- MySQL dump 10.13  Distrib 8.0.18, for Win64 (x86_64)
--
-- Host: ...    Database: GoDok
-- ------------------------------------------------------
-- Server version	5.5.5-10.3.15-MariaDB-1

/*!40101 SET @OLD_CHARACTER_SET_CLIENT=@@CHARACTER_SET_CLIENT */;
/*!40101 SET @OLD_CHARACTER_SET_RESULTS=@@CHARACTER_SET_RESULTS */;
/*!40101 SET @OLD_COLLATION_CONNECTION=@@COLLATION_CONNECTION */;
/*!50503 SET NAMES utf8 */;
/*!40103 SET @OLD_TIME_ZONE=@@TIME_ZONE */;
/*!40103 SET TIME_ZONE='+00:00' */;
/*!40014 SET @OLD_UNIQUE_CHECKS=@@UNIQUE_CHECKS, UNIQUE_CHECKS=0 */;
/*!40014 SET @OLD_FOREIGN_KEY_CHECKS=@@FOREIGN_KEY_CHECKS, FOREIGN_KEY_CHECKS=0 */;
/*!40101 SET @OLD_SQL_MODE=@@SQL_MODE, SQL_MODE='NO_AUTO_VALUE_ON_ZERO' */;
/*!40111 SET @OLD_SQL_NOTES=@@SQL_NOTES, SQL_NOTES=0 */;

--
-- Table structure for table `answer`
--

DROP TABLE IF EXISTS `answer`;
/*!40101 SET @saved_cs_client     = @@character_set_client */;
/*!50503 SET character_set_client = utf8mb4 */;
CREATE TABLE `answer` (
  `bookID` int(11) NOT NULL,
  `A1` int(11) NOT NULL,
  `A2` int(11) NOT NULL,
  `A3` int(11) NOT NULL,
  `A4` int(11) NOT NULL,
  `A5` int(11) NOT NULL,
  `A6` int(11) NOT NULL,
  `A7` int(11) NOT NULL,
  `A8` int(11) NOT NULL,
  `A9` int(11) NOT NULL,
  `A10` int(11) NOT NULL,
  `A11` int(11) NOT NULL,
  `A12` int(11) NOT NULL,
  `A13` int(11) NOT NULL,
  `A14` int(11) NOT NULL,
  `A15` int(11) NOT NULL,
  `A16` int(11) NOT NULL,
  `A17` int(11) NOT NULL,
  `A18` int(11) NOT NULL,
  `A19` int(11) NOT NULL,
  `A20` int(11) NOT NULL,
  PRIMARY KEY (`bookID`)
) ENGINE=InnoDB DEFAULT CHARSET=utf8mb4 COMMENT='	';
/*!40101 SET character_set_client = @saved_cs_client */;

--
-- Dumping data for table `answer`
--

LOCK TABLES `answer` WRITE;
/*!40000 ALTER TABLE `answer` DISABLE KEYS */;
INSERT INTO `answer` (`bookID`, `A1`, `A2`, `A3`, `A4`, `A5`, `A6`, `A7`, `A8`, `A9`, `A10`, `A11`, `A12`, `A13`, `A14`, `A15`, `A16`, `A17`, `A18`, `A19`, `A20`) VALUES (88,1,2,34,3,4,3,4,5,2,5,1,4,5,3,1,2,4,4,4,4);
/*!40000 ALTER TABLE `answer` ENABLE KEYS */;
UNLOCK TABLES;

--
-- Table structure for table `bookinfo`
--

DROP TABLE IF EXISTS `bookinfo`;
/*!40101 SET @saved_cs_client     = @@character_set_client */;
/*!50503 SET character_set_client = utf8mb4 */;
CREATE TABLE `bookinfo` (
  `bookID` int(11) NOT NULL,
  `bookName` varchar(20) NOT NULL,
  `bookInfo` varchar(2000) NOT NULL,
  `bookType` varchar(15) NOT NULL,
  `bookPage` int(11) NOT NULL,
  `bookDate` int(11) NOT NULL,
  `bookAuthor` varchar(20) NOT NULL,
  `bookPublisher` varchar(20) NOT NULL,
  `bookStar` double NOT NULL DEFAULT 0,
  `bookCount` int(11) DEFAULT 0,
  `problem` int(11) NOT NULL DEFAULT 0,
  PRIMARY KEY (`bookID`)
) ENGINE=MyISAM DEFAULT CHARSET=utf8mb4;
/*!40101 SET character_set_client = @saved_cs_client */;

--
-- Dumping data for table `bookinfo`
--

LOCK TABLES `bookinfo` WRITE;
/*!40000 ALTER TABLE `bookinfo` DISABLE KEYS */;
INSERT INTO `bookinfo` (`bookID`, `bookName`, `bookInfo`, `bookType`, `bookPage`, `bookDate`, `bookAuthor`, `bookPublisher`, `bookStar`, `bookCount`, `problem`) VALUES (1,'플라톤의 국가','<국가>의 헬라스어 원전을 완역한 책. 이번 개정증보판은 2003년에 S.R.Slings에 의해 편찬되어 나온 \'Politeia\'의 새로운 옥스퍼드 텍스트을 기본 대본으로 삼고, 그 밖의 다수 판본들을 참조하여 보완한 것이다. 최대한 원문에 충실하게 해석하였으며, 제1권에서 제10권까지 각 권마다 논의 전개에 대한 개요 형태의 짧은 글을 수록하였다. 또한 플라톤의 생애와 함께 그의 철학을 개괄적으로 서술한 글을 덧붙였다.','서양의 역사와 사상',738,2005,'플라톤','서광사',3,4,0),(2,'정치학','아리스토텔레스, 정치를 말하다!\n\n국가가 개인에 우선하고, 인간의 사회성을 강조한 아리스토텔레스의 『정치학』은 오늘날 정치학 발전의 초석이 되는 책이다. 마키아벨리, 홉스, 헤겔, 마르크스 등 많은 이들에게 영향을 준 이 책은 국가의 문제를 주제로 다루고 있으며 국가의 형성, 구조, 바람직한 국가 형태에 관한 고찰과 더불어 정체론, 통치 기술 등에 관해 기술하고 있다.','서양의 역사와 사상',470,2009,'아리스토텔레스','숲',4,3,0),(3,'키케로의 의무론','키케로의『의무론』을 번역한 책. 1989년에 번역하여 출간한 <키케로의 의무론: 그의 아들에게 보낸 편지>를 수정, 보완하여 펴낸 개정판이다. 번역이 매끄럽지 못하거나 잘못된 부분을 고치고, 인문학도들에게 도움을 주기 위해 라틴어 원문을 함께 수록하였다.\n\n이 책은 3권으로 구성되어 있다. 제1권의 주제는 도덕적 선으로, 여기에 속하는 4가지 기본적인 덕에 대해 논한다. 제2권에서는 유익함이라는 주제 아래 인간이 살아가는 데 편리하고 유리한 것들을 논한다. 제3권에서는 도덕적 선과 유익함이 서로 상충될 때 어떤 것을 우선해야 하는지 실례를 들어 알기 쉽게 설명하고 있다.','서양의 역사와 사상',166,2006,'키케로','서광사',3,4,0),(4,'게르마니아','고대 로마의 역사가였던 타키투스의 대표작. 총46장으로 구성된, 민족 대이동 이전의 고대 게르만 민족에 대한 가장 오래된 기록이다. 타키투스는 활짝 꽃피고 성숙한 끝에 차츰 퇴폐해 가고 있던 제정 로마와 대조시키면서, 바야흐로 발흥하며 제국의 북쪽 경계 지역을 위협하고 있던 젊은 민족의 질박하고 강건하며 용맹스런 모습을 생생하게 그려내고 있다.','서양의 역사와 사상',155,2006,'타키투스','범우사',1.5,2,0),(5,'성어거스틴의 고백록','어거스틴은 기원후 354-430년까지 살았던 위대한 교부요, 사상가이다. 그는 자기가 살았던 시대뿐만 아니라 자기 이후 모든 시대에 지대한 영향을 끼친 사람이다. 그의 사상은 파울 틸리히가 말한 바와 같이 서양 기독교가 말하려고 하는 모든것의 기초를 이루고 있다. 그러므로 그의 사상을 모르고 신학을 한다는 것은 기초공사 없이 집을 짓는 것과 같은 것이다. 그가 생전에 쓴 117권의 책 중에서 [고백록]은 동서고금을 통해 가장 많이 읽혀져 왔으며, 오늘날 우리들에게도 인생의 문제를 깊이 이해하고 해결해 갈 수 있도록 자극과 통찰력을 주는 기독교의 고귀한 고전이기도 하다. 인생의 문제를 놓고 방황하며 고민하는 자, 진리를 추구해 나가는 과정에서 회의를 극복하고 확실성에 도달하고자 하는 자, 기독교 신앙의 내용을 깊이 이해해 보고자 하는 자, 자신의 영성을 개발하고 신앙의 성숙을 위해 노력하고자 하는 자는 반드시 읽어야 할 책이다.','서양의 역사와 사상',512,2003,'성 어거스틴','대한기독교서회',1,2,0),(6,'군주론','마키아벨리는 <군주론>에서 정치 행위가 종교적 규율이나 전통적인 윤리적 가치로부터 자유로워야 한다고 주장함으로써 근대 현실주의 정치사상을 최초로 주창한 인물로 평가받고 있다. 역사상 많은 정치사상가들의 편력이 보여주듯이, 정치사상가로서 마키아벨리가 얻게 된 불후의 명성은 그가 공직생활에서 추방된 후 자신의 의사에 반해 얻게 된 여가, 즉 강제된 칩거생활을 활용하여 집필한 저작들에서 유래한다. 이는 다산으로 하여금 <경세유표>, <목민심서> 등을 집필하게 한 유배생활과 그 맥락을 같이한다. 1513년에 원고가 완성된 <군주론>은 많은 사람들 사이에서 필사본 형태로 읽혀지다가 거의 사후인 1532년에 비로소 출간되었는데, 그 내용에 대한 비난이 거세어지자 1559년 교황 파울루스 4세에 의해서 교황청의 금서 목록에 등재되는 “명예”를 누리기도 했다.','서양의 역사와 사상',267,2008,'마키아벨리','까치글방',2.5,2,0),(7,'신기관','프랜시스 베이컨의 대표작 신기관. <아는 것이 힘이다>라는 널리 알려진 경구에서 시작해 인간의 정신을 사로잡고 있는 편견들, 즉 네가지 우상을 논박하고 자신이 제창한 귀납법의개요를 상세하게 다루었다. 아울러 우상에서 해방된 인간의 지성이 과학적 발견을 위해 걸어가야 할 길, 참된 귀납법의 구체적인 예를 기술했다. 부제는 자연의 해석과 인간의 자연 지배에 관한 잠언. (양장본)','서양의 역사와 사상',320,2001,'프랜시스 베이컨','한길사',4,1,0),(8,'리바이어던','리바이어던은 《구약성서》 <욥기>에 나오는 죽지 않고 영원히 산다는 거대한 괴물로, 성서에서 ‘입에는 불길을 내뿜고 어떤 무기도 소용없는 바다괴물, 두려움을 모르는 모든 거만한 것들의 왕’이라고 묘사하고 있다. 이 괴물 ‘리바이어던’에 국가를 비유해 국가 유기체를 설명하고 있다.','서양의 역사와 사상',704,2009,'토머스 홉스','동서문화사',0,0,0),(9,'통치론','17세기 영국 의회 민주주의의 사상적 기틀을 확립한 존 로크의 정치철학\n현재의 민주주의와 진보적 자유주의를 이해하기 위해 가장 먼저 읽어야 할 책이다. 절대왕권을 주장하는 왕권신수설의 논리적 모순을 철저히 논박하고 시민의 동의에 의한 올바른 정부의 기원과 목적을 밝힌 최초의 정치철학서이다. 인간에게 주어진 천부의 자연권에서부터, 사회계약, 소유권, 정부의 형태, 시민의 저항권을 집대성한 자유주의적 정치철학을 거침없이 펼쳐 보인다.','서양의 역사와 사상',254,2017,'존 로크','까치글방',0,0,0),(10,'사회계약론','인민주권을 바탕으로 한 민주주의의 정치론의 출발점을 엿보다!\n\n18세기 프랑스 철학자 장 자크 루소의 대표적 정치 사상을 담아낸 『사회계약론』. 저자의 가장 대표적 정치 사상을 담아 1762년 출간된 이후 격렬한 논쟁을 끝없이 불러일으킨 저작 <사회계약론>을 담아냈다. 인민주권을 바탕으로 한 민주주의 정치론의 출발점이다. 소논문 형식으로 총4부로 나누어져 있다. 7년 전 출간된 <인간 불평등 기원론>에서 표명된 생각에 대한 사회정치적 해결을 담아냈다. 국가와 개인의 보존과 행복을 지향할 뿐 아니라, 법의 원천이 되는 \'보편적 의지\'가 필요함을 강조한다. 아울러 보편적 의지가 관철되는 국가를 만들어 개인이 자연 상태에서 처음부터 가지고 있던 자유와 평등을 되찾는 방법으로 \'사회계약\'을 맺어야 함을 주장하고 있다.','서양의 역사와 사상',210,2010,'장 자크 루소','펭귄클래식코리아',0,0,0),(11,'공리주의','영국의 사상가 존 스튜어트 밀의 <공리주의>를 우리말로 옮긴 책. 18세기 말부터 급성장한 영국의 자본주의는 극심한 이기주의에서 비롯된 과도한 경쟁과 빈부격차 심화 등의 부작용을 가져왔다. 이에 이기주의를 해소할 수 있는 새로운 도덕관이 요청되었고, 밀은 최대한 사회적 효용을 가져오는 행복이 최고의 도덕적 가치라는 것을 핵심 명제로 하는 공리주의를 제창하였다.\n\n밀은 <공리주의>에서 프로타고라스와 플라톤의 논쟁으로부터 비롯된 철학의 오랜 물음인 \'옳고 그름을 판단하는 기준\'을 마련한다. 앞선 세대의 쾌락적 공리주의와 차별화된 최대 다수의 행복을 이야기하며, 특히 인간이 천성적으로 지닌 사회성, 즉 타인을 배려하는 마음을 강조하고 있다. 이 책에는 <공리주의>에 대한 번역자의 해제를 함께 담았다.','서양의 역사와 사상',155,2007,'밀','책세상',0,0,0),(12,'존 스튜어트 밀 자유론','자유의 중요성과 그 한계를 논의한 근대 자유주의와 민주주의의 고전. 자유 민주주의의 사상적 토대를 구축한 존 스튜어트 밀의 <자유론>을 번역한 책. 개인, 사상, 언론, 정부, 사회 등 거의 모든 분야에서 자유가 차지하는 비중과 그 가치, 중요성, 그리고 보존을 살펴보고 있다.\n\n《자유론》은 자유가 사회를 구성하고 살아가는 개인들이 향유하는 정치적 자유임을 분명하게 밝히고, 개인 자유의 원칙과 사회 복지의 원칙이 공공정책에 적절하게 적용되는 것에 대한 논의를 전개하고 있다. 인류가 나아가야 할 길을 개인의 자아 완성과 자유의 신장에 있다고 보며 공리의 원칙에 충실하면서도 개인의 개별성을 보존하는 길을 제시하였다.','서양의 역사와 사상',302,2008,'존 스튜어트 밀','서광사',0,0,0),(13,'체사레 벡카리아의 범죄와 형벌','체사레 벡카리아의『범죄와 형벌』. 이 책은 합리적이고 인도적인 형사법과 형사정책을 구현하려는 이들에게 불멸의 고전으로 불리고 있다. 고문과 사형의 철폐를 본격적으로 제기하여 형사법제에 관심을 갖는 이들의 필독서로 자리잡았다.','서양의 역사와 사상',224,2010,'체사레 백카리아','박영사',0,0,0),(14,'종교의 자연사','<자연종교에 관한 대화>와 더불어 유럽 최초의 종교철학에 관한 근대적 저작으로 꼽히고 있다. 신의 존재를 인정하나 일체의 신화적 요소를 부인하고, 도덕적인 실천을 중요시 한 자연종교와 인간본성에 반하는 광신적인 종교적 실천을 강요해 온 기성종교와의 극단 사이에서 중용을 찾고자 한다.\n\n1759년 런던에서 발간된 <종교의 자연사>에서 데이비드 흄은 종교적 신념의 발생을 규명하는 종교의 기원에 관한 문제를 탐구하고 있다. 종교에 대한 역사학, 인류학, 심리학적 뿌리를 살펴보면서 인간본성 안에서 종교의 기원을 밝혀가고 있다.\n\n루트가 편집한 <종교의 자연사>(Stanford University Press, 1956)를 원전으로 삼았고, 흄이 각주에서 인용한 참고문헌의 서지사항은 콜버와 프라이스가 편집한 <종교의 자연사와 자연종교에 관한 대화>(Oxford, 1979)를 참조하였다. 원전에서 약어로 제시되어 있는 각주의 참고문헌 표기를 현대적인 표기방식으로 제시하였다.','서양의 역사와 사상',194,2004,'데이비드 흄','아카넷',0,0,0),(15,'짜라투스트라는 이렇게 말했다','\"신은 죽었다!\"라는 선언으로, 유럽 문명의 몰락을 예언한 철학자 프리드리히 니체의 대표작. \'초인\', \'권력에의 의지\', \'영겁회귀\' 등 니체의 핵심 철학이 장쾌하고 시적인 언어로 집약된 작품으로 새로운 세계의 새로운 인간을 위한 새로운 원칙을 제시한다. 10년간의 산중 명상을 마친 차라투스트라가 그가 터득한 새로운 복음을 전하기 위해 인간 세계로 내려온다. 그는 다양한 사람들과의 이야기를 통해 현란한 어휘와 매몰찬 독설로 삶과 예술, 사상 등에 대해 들려준다.','서양의 역사와 사상',558,2004,'프리드리히 니체','민음사',0,0,0),(16,'프로테스탄티즘의 윤리와 자본주의 정신','<프로테스탄티즘의 윤리와 자본주의 정신>을 번역한 책. 1904년에서 1905년에 걸쳐 쓰여진 막스 베버의 <프로테스탄티즘의 윤리와 자본주의 정신>은 20세기에 출현한 정신과학의 업적 중에서 가장 중요한 것의 하나로 손꼽힌다. 사회과학과 역사과학 학습의 길잡이가 되며, 정신적 사상적 기초가 되는 역할을 한다.','서양의 역사와 사상',338,2010,'막스 베버','문예출판사',0,0,0),(17,'미국의 민주주의 1','미국 민주주의의 이론과 현실을 분석한 프랑스 사상가의 저서. 북아메리카의 외형, 영국계 아메리카인들의 기원과 그들의 미래에 관련한 그 기원의 중요성, 아메리카의 주권재민 원칙 등을 해설했다. 1840년 간행된 책을 번역 소개했다.','서양의 역사와 사상',530,2002,'A 토크빌','한길사',0,0,0),(18,'역사란 무엇인가','61년에 출간된 지식인의 필독서. 카가 열어놓은 새 지평은 역사가에게 미래에 대한 통찰력을 요구하는 한편 역사에 대한 인간의 책임을 강조한다. 그는 \'역사에서 절대자는 과거나 현재에 있는 것이 아니라 우리가 그쪽으로 움직여 나가고 있는 미래에 있다\'고 말한다.','서양의 역사와 사상',276,2007,'에드워드 카','까치글방',0,0,0),(19,'도덕적 인간과 비도덕적 사회','개인적으로는 도덕적인 사람들도 집단이 되면 이기적으로 변모한다\n\n개인과 집단의 행동양태를 분석하고 사회적 정의를 수립하기 위한 방안을 제시한 인문서 『도덕적 인간과 비도덕적 사회』. 이 책은 개인적으로는 도덕적인 사람들도 사회내의 어느 집단에 속하면 집단적 이기주의자로 변한다는 내용을 담고 있다. 개인적으로는 자신의 이익을 희생하면서 타인의 이익을 배려할 수 있지만, 사회는 종종 민족적-계급적-인종적 충동이나 집단적 이기심을 생생하게 보여준다는 것이다.\n\n미국경제가 공황에 빠지고 유럽에서는 히틀러가 정권을 잡으려는 시점이었음에도 불구하고 당시 자유주의적 사회과학자나 종교가들은 미국사회의 미래를 낙관하고 있었다. 그러나 니버는 이들이 사회조직의 테두리 안에서 벌어지는 자선의 문제와 경제적 집단사이의 역학관계를 구별하지 못하고 있다고 비판했다. 집단 간의 관계는 힘의 역학관계에 의해 규정되는 정치적 관계이며 따라서 사회집단 사이에 작용하는 운동의 강제성을 주목해야 한다고 주장하면서 개인의 도덕과 사회-정치적 정의가 양립하는 방향에서 그 해결이 모색되어야 한다고 결론을 내린다.\n\n니버는 많은 정치가들에게 영향을 미쳤다. 클린턴 대통령은 자신의 가치관 형성에 도움을 준 5권의 책 중 하나로 선정한 바 있다. 또한 아더 슐레진저 2세, 조지 케넌, 맥조지 번디 등 50-60년대 미국정책을 이끌었던 브레인들은 니버를‘우리 모두의 아버지’라고 불렀다. 사망한 NYT기자 제임스 레스턴도 \'미국사회가 가진 아이러니를 분명히 보여주었다\'고 니버에게 존경심을 표한 바 있다.','서양의 역사와 사상',408,2004,'라인홀드 니버','문예출판사',0,0,0),(20,'성과 속','성스러운 것과 속세라는 대립된 개념으로 종교를 새로운 지평에서 이해한 책. 종교학의 기본 안내서지만 철학적 인간학, 현상학을 포괄하여 잠재적인 인간실존의여러 차원을 조명한 인문서이다. 성스러운 공간과 세 계의 정화, 자연의 신성과 우주적 종교 등을 설명함.','서양의 역사와 사상',238,1998,'M.엘리아데','한길사',0,0,0),(21,'소유냐 삶이냐','신 프로이트 학파의 거성, 에리히 프롬의 대표작!\n\n에리히 프롬의 <소유냐 삶이냐>를 살펴보는『고전으로 미래를 읽는다』제13권. 신 프로이트 학파의 거성으로 알려져 있는 에리히 프롬의 저서『TO HAVE OR TO BE』를 완역한 책이다. 이 책에서 그는 현대인의 생활양식을 소유와 존재로 이분하였다. 소유와 존재의 양극 사이에서 다양하게 존재하는 인간들에게, 물질적 소유와 탐욕의 소유양식에서부터 창조하는 기쁨을 나누는 존재양식으로의 전환이 필요하다고 말한다.\n\n<소유냐 삶이냐>는 에리히 프롬의 세밀한 관찰과 예리한 통찰력을 바탕으로, 이론에만 머물지 않고 실질적인 방안까지 제시하고 있다. 프롬은 현실적인 변혁의 수단에까지 눈을 돌려서, 중앙집권을 배제하고 개인이 완전한 정보를 얻을 수 있는 \'참여민주주의\'의 원리를 주장한다. 인간의 본질을 파악하고 이성적으로 행동하는 데 지침을 제공하는 책이다.','서양의 역사와 사상',254,2007,'에리히 프롬','홍신문화사',0,0,0),(22,'국화와 칼','일본을 다룬 가장 객관적인 책으로 손꼽히는 고전!\n일본인의 이중성을 날카롭게 해부한다!\n\n『국화와 칼 | 일본 문화의 틀』. 개정신판. 미국의 문화인류학자인 루스 베네딕트가 쓴 일본 연구서. 문화인류학적 방법론을 통해 일본 문화의 원형을 탐구한 책이다. 제2차 세계대전이 막바지에 접어든 1944년 6월, 저자는 미국 국무부의 위촉을 받고 평균적인 일본인의 행동과 사고의 패턴을 연구하는 데 주력한다.\n\n<국화와 칼>은 저자가 일본을 한 번도 방문하지 않고 집필했다는 점에서도 유명하다. 그럼에도 이 책은 일본을 가장 객관적으로 해부한다. 그는 일본에 관한 기존 연구서와 2차 문헌을 폭넓게 독파하고, 소설과 같은 문학적 자료들과 전시 선전용 영화까지 섭렵해 인류학적 데이터를 추출했다.\n\n저자는 일본 문화의 특성을 \'국화\'와 \'칼\'이라는 두 가지 극단적인 상징으로 표현한다. 일본인이 아름다움을 사랑하고 예술가를 존경하며 국화 가꾸기에 신비한 능력을 지닌 동시에, 칼을 숭배하고 무사에게 최고의 영예를 돌리는 민족이라는 것이다. 일본인의 외면적인 행동의 묘사와, 그 배후에 있는 기본적인 사고방식을 분석하고 있다.','서양의 역사와 사상',416,2008,'루스 베네딕트','을유문화사',0,0,0),(23,'심리학과 종교','심층심리학의 대가인 융이 심리학적인 측면에서 종교의 문제를 다루고 있는 책. 신경증의 원인이 심리적인 것이라면 육체적인 질병의 경우 심리치료는 어느정도까지 가능한가, 강박관념과 콤플렉스는 우리 의식의 어디쯤에 존재하며 어디까지 컨트롤될 수 있는가, 집단의 일원으로서 인간의 도덕 및 지적수준은 왜 무의식의 수준으로 한 단계 낮아지게 되는가... 등의 임상병리학적 물음에서 시작하여 우리 생활 전반에 걸쳐 나타나는 종교 심리적인 태도와 인식을 짚어준다. 강연내용을 옮긴 글이고, 종교의 여러 사변적이고 추상적인 개념들이 살아있는 인간의 경험을 통해 얘기되고 있기 때문에 비교적 쉽게 읽힌다.','서양의 역사와 사상',208,2010,'칼 구스타브 융','창',0,0,0),(24,'슬픈 열대','현대 구조주의 사상의 새로운 장을 개척한 레비-스트 로스의 인류학서『슬픈 열대』. 브라질에 체류하면서 조사한 네 원 주민 부족(카두베오, 보로로,남비콰라, 투비 카와이브족)의 원시사회와 문화를 통해 문명과 야만의 개념을 비판한다.','서양의 역사와 사상',762,1998,'클로드 레비 스트로스','한길사',0,0,0),(25,'자본주의·사회주의·민주주의','자본주의의 경제적 성공은 자본주의의 정치적 실패를 가져온다!\n\n미국 경제학자 슘페터의 대표작 경제학의 고전『자본주의 사회주의 민주주의』. 슘페터는 20세기 전반이 세계적인 이론경제학자로, 경제ㆍ사회 전반의 문제를 40여 년에 걸쳐 사색한 결정체를 이 책에 담았다. 그는 이 책에서 마르크스의 이론의 비판 및 자본주의의 운명, 민주주의 여러 모순들을 순수경제학의 범주를 넘어서 정치ㆍ사회적인 입장에서 광범위하고도 깊은 통찰력으로 분석하고 있다. 그의 사회주의와 자본주의에 대한 예언자적 이론은 수많은 현대 경제이론가들에게 큰 영향을 미쳤다.','서양의 역사와 사상',748,2011,'슘페터','한길사',0,0,0),(26,'서양미술사','지금까지 출간된 미술에 관한 가장 유명한 책 중의 하나. 1950년 영국에서 초판이 간행된 이래 전세계에서 서양미술사 개론의 필독서로 자리잡고 있다. 백승길과 이종숭에 의해 번역된 이 책은 1994년에 간행된 16차 개정증보판을 원고로 한 것이다.\n\n곰브리치는 이 책을 \'자신들의 힘으로 이제 막 미술 세계를 발견한 10대의 젊은 독자들\'을 위해 저술했다. 그들은 \'유식한 체하는 전문 용어의 나열이나 엉터리 감정들을 재빨리 알아내어 분개할 줄 아는 비평가\'들이기 때문이다. 즉 이 책은 미술의 세계에 처음 입문하기 원하는 사람들을 위한 것으로, 쉽고 폭넓고 친절하게 서술되어 있다.\n\n서문에 따르면, 이 책을 쓰는 데 지은이가 정한 몇가지 원칙은 다음과 같다. 첫째는 도판으로 보일 수 없는 작품은 가능한 한 언급을 피할 것, 둘째는 진정으로 훌륭한 작품에 대해서만 언급할 것, 세번째는 임의대로 도판을 선정하지 않을 것. 분량은 700페이지에 달하고, 컬러 도판 413개가 실려 있다.\n\n선사시대 동굴벽화부터 오늘날의 실험적인 작품들까지, 각 시대와 양식, 작품과 작가를 알기쉽게 정리하고 있다. 미술의 역사란 과거와의 연관 속에서 미래를 암시하는 각 작품들로 끊임없이 구성되고 변화하는 전통의 역사라는 것이 지은이의 믿음이다. 우리가 살고 있는 이 시대와 이집트에 피라미드가 건설되었던 그 시대가 생생하게 연결되어 있음을 이 책은 보여준다.','서양의 역사와 사상',688,2003,'에른스트 곰브리치','예경',0,0,0),(27,'성의 역사 1','\"프랑스의 대표적 사상가인 미셸 푸코 말년의 역작.\n\n푸코는 성에 대한 억압의 가설을 자세히 살피고 그것이 출현한 배경 또는 출현시킨 권력의 책략을 드러냄으로써, 그것의 허구성을 논박한다. 성에 관한 담론은 출발선에서부터 본질적으로 부르조아지가 자기 확인과 그들 자신의 주도권을 확립하기 위해 활용한 <자기의 기술체계>라는 사실을 우리들에게 일깨움으로써, 성적 욕망의 장치는 앎의 여러 유형들로 뒷받침하고 그것들에 의해 뒷받침되는 세력 관계들이 전술이라는 것을 가르치고 권력 자체가 아니라 근대적 주체의 등장에서 권력이 많은 역할에 맡은 관심을 기울임으로써, 그리고 성에 처해 있는 곤궁한 상태는 억압의 결과가 아니라 성적 욕망을 특정한 문화형태로 산출함에 따라 불행이 초래되는 \"적극적인\" 기제의 귀결이라는 것을 확인해 나가며 그리하여 본능의 억압이 문명의 기초를 이룬다는 프로이드·마르쿠제류의 사유를 암암리에 뒤엎음으로써, 푸코는 우리들에게 무엇을 말하려는 것일까? - 역자 서문 중에서\"','서양의 역사와 사상',192,2004,'미셀 푸코','나남',0,0,0),(28,'감시와 처벌','이 책은 감옥을 정점으로 하는 감시 처벌의 기구 -가정, 학교, 군대, 병원, 공장 등을 분석한 것이나 사실상 근대사회를 감금사회, 관리사회, 처벌사회, 감시사회로 이해하고 있다. 이것은 서양의 현대이고 동시에 우리의 현대이기도 하다.\n\n우리의 유토피아는 이러한 정치악에 의한 조작일 수 없다. 모두가 스스로 평화롭게 일하면서 자유로운 결합에 근거하여 살아간다는 길이다. 여기에는 어떤 강제도, 강요도, 지시도, 명령도, 훈시도, 감시도, 통제도, 규율도, 훈련도 있어서는 안된다. 그렇다고 모든 현재의 단순한 파괴 위에서만 그것이 가능한 것은 물론 아니다. 적어도 우리를 얽매고 있는 그러한 굴레를 인식하고, 그것이 만든 허상의 실체를 알아야 할 필요가 있다.','서양의 역사와 사상',472,2016,'미셀 푸코','나남',0,0,0),(29,'로마제국쇠망사','이 책은 감옥을 정점으로 하는 감시 처벌의 기구 -가정, 학교, 군대, 병원, 공장 등을 분석한 것이나 사실상 근대사회를 감금사회, 관리사회, 처벌사회, 감시사회로 이해하고 있다. 이것은 서양의 현대이고 동시에 우리의 현대이기도 하다.\n\n우리의 유토피아는 이러한 정치악에 의한 조작일 수 없다. 모두가 스스로 평화롭게 일하면서 자유로운 결합에 근거하여 살아간다는 길이다. 여기에는 어떤 강제도, 강요도, 지시도, 명령도, 훈시도, 감시도, 통제도, 규율도, 훈련도 있어서는 안된다. 그렇다고 모든 현재의 단순한 파괴 위에서만 그것이 가능한 것은 물론 아니다. 적어도 우리를 얽매고 있는 그러한 굴레를 인식하고, 그것이 만든 허상의 실체를 알아야 할 필요가 있다.','서양의 역사와 사상',544,2016,'에드워드 기번','동서문화사',0,0,0),(30,'역사의 종말','자유민주주의의 주요 경쟁체제인 공산주의가 붕괴된 오늘의 시점에서 과연 우리는 역사의 종점에 서 있다고 할 수 있는가?\n최근의 역사절학서에서는 보기 드물게 플라톤, 칸트에서 시작하여 헤겔, 마르크스, 니체에 이르기까지 대사상가들의 역사철학사살을 현대적인 시점에서 재고찰하고 로크와 홉즈 등 앵글로색슨적 전통과의 대비를 통하여 중후한 역사론을 전개한 명저. 세계의 학계와 매스컴에 격렬한 논쟁을 불러일으킨 화제의 책이다.','서양의 역사와 사상',510,1992,'프랜시스 후쿠야마','한마음사',0,0,0),(31,'종교의 의미와 목적','가톨릭 신자들을 위한 책. 가톨릭의 사상 및 철학에 대해 이야기하고 있다.','서양의 역사와 사상',274,1991,'윌프레드 캔트웰 스미스','분도출판사',0,0,0),(32,'낭만적 거짓과 소설적 진실','\"문학 텍스트를 통해 현대산업사회에서 나타나는 인간의 욕망 구조를 명쾌하게 분석한 책. 흔히 문학사회학, 소설사회학이라고 통칭되는 문학비평계에서는 루카치의 <소설의 이론>, 골드만의 <소설사회학을 위하여>와 함께 필독서로 꼽히는 논저이다.\n\n르네 지라르의 문학이론은 한마디로 \'삼각형의 이론\'이라 할 수 있다. 르네 지라르는 세르반테스의 <돈키호테>, 스탕달의 <적과 흑>, 플로베르의 <보바리 부인>, 프루스트의 <잃어버린 시간을 찾아서>, 도스토예프스키의 <죄와 벌> 등을 토대로 이 이론을 체계화했다.\n\n가령, <돈키호테>의 경우는 돈키호테가 \'주체\', 아마디스는 \'중개자\', 이상적인 방랑의 기사가 \'대상\'이 되는 삼각형 구도를 취한다. 돈키호테는 아마디스를 모방함으로써 이상적인 기사도에 도달하고자 한다. 지라르는 이것을(중개자를 통해 대상에 가까이 가는 것) \'욕망의 간접화 현상\'이라 불렀다. 그 전형적인 모델로는 기독교의 구원을 꼽았다. 기독교인을 주체라 하면, 예수는 중개자, 구원은 주체가 욕망하는 대상이 된다. \'삼각형 이론\'은 이 예시를 통해 소설뿐만 아니라 모든 대상으로 보편화된다.\n\n이 구도는 다른 한편, 경쟁의 사회학을 그려 보인다. 즉, 시장경제체제 하에서 개인의 욕망은 자연발생적이지 않다는 것, 그보다는 중개자의 의해 암시된 욕망(사용가치보다는 교환가치를 추구하게 됨)을 따라가게 된다는 것이다. 그 대표적인 경우는 광고.\n\n이 논지를 문학작품에 적용하면서 지라르는 한 가지 경향을 발견하게 된다. 현대적인 작품일수록 그 욕망의 구도가 복합적이면서도 다층화됨을 목격한 것이다.\n\n\"(...) 욕망된 대상의 변모는 스탕탈에게서보다 프루스트에게서 더욱 극심하고, 질투와 선망은 더욱 빈번하며 더욱 강렬해진다. <잃어버린 시간을 찾아서>의 모든 인물의 경우 사랑이 질투에, 즉 경쟁자의 존재에 완전히 종속되어 있다고 말해도 과언이 아니다. 따라서 욕망의 발생에서 중개자가 행하는 특권적인 역할이 전보다 더욱 명백해진 것이다\" (책에서 인용)\n\n지라르의 소설론은 \'삼각형 이론\'이 결말보다 더 널리 알려져 있다. 그러니까 책의 결말에 해당하는 주체의 전향은 상대적으로 덜 논의된 셈이다. 그 점에서 <낭만적 거짓과 소설적 진실>은 지라르 소설론을 이론상으로, 또 앞 뒤 문맥상으로 정교하게 검토할 수 있는 기회를 제공한다.\n\n특히 \"위대한 소설의 결말은 구원을 마지막 목표로 삼는 \'종교적 결말\'과 같다\"는 지라르의 말은 여러 문학자들에게 반론과 재검토의 대상이 되고 있다. 이 책의 1차 독자는 문학연구자나 대학원생이 되겠지만, 소설을 통해 세계를 분석하고자 하는 사회과학적 성향의 독자라 해도 독해에 무리가 없겠다.\"','서양의 역사와 사상',430,2001,'르네 지라르','한길사',0,0,0),(33,'오래된 미래','라다크 마을 사람들을 통해 사회와 지구 전체를 생각한다!\n\n서부 히말라야 고원의 작은 지역 라다크. 저자는 빈약한 자원과 혹독한 기후에도 불구하고 생태적 지혜를 통해 천년이 넘도록 평화롭고 건강한 공동체를 유지해온 라다크가 서구식 개발 속에서 환경이 파괴되고 사회적으로 분열되는 과정을 보여주며, 사회적, 생태적 재앙에 직면한 우리의 미래에 대한 구체적인 희망은 개발 이전의 라다크적인 삶의 방식이라고 말하고 있다.『오래된 미래』는 1992년 발간 이후 세계 50여 개 언어로 번역되어 바로 지금까지 전 세계 독자들에게 사랑을 받아온 책으로 서구세계와는 너무나도 다른 가치로 살아가는 라다크 마을 사람들을 통해 사회와 지구 전체를 생각하게 만드는 책이다.','서양의 역사와 사상',364,2015,'헬레나 노르베리 호지','중앙북스',0,0,0),(34,'위험사회','위험과 안전을 사회발전의 중심에 놓는다는 점에서 한국 사회의 현실을 비판적으로 돌이켜 볼 수 있는 하나의 관점을 시사한다. <위험사회>가 제시하는 관점은 지금, 여기서 상당한 설득력을 지닌다. 근대화의 도정이 아무리 고난에 찬 것이었을지라도 어쨌든 한국 사회는 지금 어엿한 근대 산업사회가 되었기 때문이다.','서양의 역사와 사상',384,2014,'올리히 벡','새물결',0,0,0),(35,'황금가지','황금가지\'란 무엇인가\n인간의 역사 깊숙이 자리잡고 있는 관습과 주술, 신화와 종교의 근원을 다양한 인종과 문화의 예증을 통해 고찰한 불후의 고전이다. \'황금가지\'는 신화학, 민속학, 고전학 등 많은 전문적인 분야의 연구에 활용되었으며, 신화와 종교의 기원을 이해하기 위한 기초적인 입문서로 평가될 만큼 큰 영향을 끼쳤다. 여기에 실린 무수한 예화들은 신화와 종교의 시작과 발전을 다루는 과정에서 유럽인의 종교를 비롯 무수한 미개 종족의 미신이 결국 같은 뿌리에서 발전한 신앙이라는 것을 보여주고 있다. 그것은 당시 문화적 우월감에 젖어있던 유럽에 논쟁의 씨앗을 뿌리는 계기가 되기도 했다.\n\n디아나를 위한 성스러운 숲\n프레이저가 디아나의 신전이 있었다고 전해지는 로마 동쪽 네미 숲을 주목하면서 \'황금가지\'는 시작된다. 이 네미 전설에 의하면 그곳에는 ‘숲의 왕’이라 불리는 디아나 여신의 사제가 있다. 그는 차기 사제로부터 자신의 목숨을 방어할 수 있는 순간까지 그 지위를 유지했다. 후임자는 전임자를 살해하기 전에 반드시 그곳에 자라는 겨우살이 나뭇가지를 꺾어야만 한다. 따라서 네미의 사제는 그 황금가지를 꺾지 못하도록 밤낮 경계를 서야 했다. 프레이저는 이 무시무시하고 신비로운 전설에 세 질문을 던진다.\n첫째, 사제가 왜 ‘숲의 왕’이라는 칭호를 지니게 되었는가?\n둘째, 사제직 계승이 왜 후임자의 전임자 살해를 통해 이루어졌는가?\n셋째, 사제직을 두고 벌어지는 대결 전에 왜 반드시 나뭇가지를 꺾어야 했는가?\n프레이저는 이를 설명하기 위해 세계 곳곳에 존재하는 신화,전설, 관습을 찾아 고대인의 생각을 실증하고자 했다. 이를 위해 수집한 실례는 수없이 많았으며 프레이저의 박학다식함과 함께 어우러져 결국 이 백과사전과도 같은 불후의 위대한 저서 \'황금가지\'가 탄생하게 된다.\n\n학술서의 대중적 베스트셀러\n\'황금가지\'는 밀리언셀러가 되고 있다. 프레이저는 13권의 대작을 관통하는 주제를 차분한 분위기 속에서도 적절한 유머와 재치를 발휘하는 유려한 문체로 흥미롭게 펼쳐나갔다. 또한 이 책은 딱딱한 학술서적의 형식으로 쓰인 것이 아니라, 다소 흥미진진한 베스트셀러 소설 또는 미스터리 소설의 느낌이 나는 형태로 쓰여 시대를 초월 시선과 호기심을 사로잡는다.\n\n황금가지의 목적\n프레이저는 이 책의 목적이 비교방법론을 적용, 네미 숲의 사제가 숲의 신인 비르비우스의 화신이며, 따라서 사제의 살해는 곧 신의 죽음으로 간주될 수 있다는 점을 주장한다. 또한 이 책의 저술이 신성시되는 인간과 동물을 살해하는 보편적 관습의 의미를 묻는 작업이기도 하다는 점을 언급하고 있다. 이처럼 프레이저가 \'황금가지\'의 전설에 주목한 주된 이유는, 그것이 ‘주술과 종교’에 대한 일반적인 해석에 중요한 실마리를 던져 주고 있기 때문이다. 따라서 이 \'황금가지\'는 그 실마리로써 우리의 관습과 신화, 종교의 기원, 즉 원시의 풍습을 더듬어 그 의미를 찾아 간다.\n\n인류 진보와 개선 그리고 과학으로\n세계 구석구석의 민족과 문화에 관한 여러 많은 사례와 그것들에 대한 심층적인 비교ㆍ분석이 실려 있기 때문에, 독자들은 황금가지를 읽어 가면서 그 감흥에 이 책 본디 의도를 잊을 정도이다. 프레이저는 \'황금가지\'로써, 우리 인류의 문명이 주술단계에서 시작하였으며 종교 그리고 과학이라는 단계로 발전해 왔다는 분명한 도식을 제시하였으며 또한 그는 고대 네미의 전설에서부터 발전하여 현재까지 끊임없이 이어져 내려오는 세계 곳곳의 인간의 본디 삶을 훌륭하게 재현해 내고 있다.\n\n황금가지가 미친 영향\n\'황금가지\'는 인류학, 철학, 문학, 정신분석학에 이르기까지 폭넓은 분야에 영향을 끼친 것...(하략)','서양의 역사와 사상',1085,2007,'제임스 조지 프레이저','동서문화사',0,0,0),(36,'파이돈','정암학당 플라톤 전집 15번째 대화편 『파이돈』. 플라톤의 철학적 걸작이자 고대 그리스 산문문학의 정점 중의 하나로 손꼽힌다. 특히 이 작품은 소크라테스가 그의 벗들과 나눈 마지막 철학적 대화와 그의 죽음을 그리고 있는 것으로 유명하다. 소크라테스의 죽음이라는 엄중한 극적 상황을 배경으로 선택함으로써, 플라톤은 소크라테스가 행한 것들과 이야기한 것들에 특별한 중요성과 무게를 부여하고 있다.','서양의 역사와 사상',208,2013,'플라톤','이제이북스',0,0,0),(37,'예루살렘의 아이히만','\"한나 아렌트의 저작 가운데 가장 중요한 작품으로 꼽히는 책. 이 책에서 체계화 된 \'악의 평범성\' 에 대한 고찰은 \"악의 문제에 대한 20세기의 가장 중요한 철학적 기여\"로 평가 받는다.\n\n1942년 1월 독일 베를린 근교. 나치의 고위관리들이 모여 유대인 문제의 \'마지막 해결책\'(the final solution)에 필요한 계획을 논의한다. 여기서 아돌프 아이히만(Adolf Eichmann.1906-1962)은 문제의 책임을 맡아 \'마지막 해결책\'인 유대인 대량학살의 집행자가 됐다.\n\n제2차 세계대전 후 중동을 전전하다 1960년 5월 부에노스아이레스 인근에서 이스라엘 비밀경찰에 체포된 아이히만은 예루살렘으로 이송돼 특별법정에서 재판을 받았다. 그리고 교수형을 선고받는다.\n\n아이히만의 재판 소식을 들은 철학자 한나 아렌트는 예정됐던 대학 강의를 모두 취소하고 잡지 \'뉴요커\'의 재정지원을 받아 특파원 자격으로 예루살렘에 가서 재판을 참관한다. 그리고 보고서 형식의 \'예루살렘의 아이히만\'을 뉴요커에 연재했다.\n\n아렌트에 따르면 아이히만은 \"자기가 무슨 일을 하고 있었는지 전혀 깨닫지 못한 자\"였다. 심지어 그는 전혀 도착적이거나 가학적이지도 않았다. 그는 머리에 뿔이 난 \'괴물\'이 아닌 평범한 한 인간이었던 것. 책은 이러한 아이히만의 행동을 세 가지의 무능성 - 말하기의 무능성, 생각의 무능성, 그리고 타인의 입장에서 생각하기의 무능성으로 구분하고, 이로부터 \'악의 평범성\'이 생겨나는 과정을 분석한다.\"','서양의 역사와 사상',418,2006,'한나 아렌트','한길사',0,0,0),(38,'호모루덴스','한 위대한 학자의 평생의 연구 결과를 자연스럽게 결산하는 학문적 소산일 뿐만 아니라 인간의 존재와 행위양식의 본질 규명에 새롭게 도전하는 기념비적인 저서. 이 책에서 내린 결론은 인간은 호모 사피엔스나 호모 파베르라기보다는 오히려 호모 루덴스라는 것이다. 놀이는 문화의 한 요소가 아니라 문화 그 자체가 놀이의 성격을 띠고 있다는 것이다. 모든 형태의 문화는 그 기원에서 놀이 요소가 발견되며, 인간의 공동생활 자체가 놀이 형식을 가지고 있다.','서양의 역사와 사상',290,1998,'요한 호이징하','까치글방',0,0,0),(39,'성학십도','<성학십도>는 68의 노학자인 퇴계가 17세의 소년왕 선조에게 바친 소책이다. 16세로 등극한 선조는 즉위하자 퇴계에게 관직을 내리고 독촉하였으나 퇴계는 이에 응하지 않다가 다음 해 판중추부사로 임명되어 상경하였다. 그 해 8월부터 퇴계는 자신의 정치사상의 중핵을 이루는 <무진육조소>를 올리고 경연에서 여러 번 시강을 하였으나 다시 벼슬에서 물러나기로 하고 <성학십도>를 지어 왕에게 바쳤다 한다. 그 해가 1568년이다.\n\n성학십도는 \'도(圖)\'와 \'설(說)\', 그리고 그것에 대한 설명과 퇴계의 보충설명으로 이루어져 있다. 어린 왕이었던 선조가 성학의 기본을 쉽게 이해하도록 꾸민 것이다. 도는 모두 십도로 (1) 태극도 (2) 서명도 (3) 소학도 (4) 대학도 (5) 백록동규도(6) 심통성정도 (7) 인설도 (8) 심학도 (9) 경재잠도 (10) 숙흥야매잠도로 이루어져 있다.\n\n십도의 각 조 끝에는 선현의 설을 인용한 설명과 퇴계의 보충설명이 붙어 있다. 특히 10도 가운데서 \'태극도\'와 \'서명도\'는 성리학에서 존재론을 대표하는 저작이며, \'소학도\'와 \'대학도\'는 유학의 학문적 규모를 보여주는 저술이고, 나머지 도들도 송 원대 성리학자의 저작으로 성리학의 핵심적 내용을 담고 있다.','동양의 역사와 사상',198,2001,'이황','홍익출판사',0,0,0),(40,'북학의','박제가의 급진적 개혁론!\n\n『북학의』는 <택리지> <성호사설> <경세유표> 등 조선 중기 실학자들의 저작을 다수 옮긴 고 이익성 한학자의 저서이다. <북학의>는 박제가의 급진적 개혁론이다. 이 책의 정신과 목적은 메마르고 빈곤 속에 있던 조선 후기의 사회를 청나라의 선진문물을 배움으로써 구제하려는 데 있었다. 국사편찬위원회에서 발간한 <정유집>에 합간된 <북학의>를 바탕으로 서울대학교 도서관 필사본을 대조하면서 옮긴 것으로, 내편과 외편, 진북학의편으로 구성되어 있으며 원문도 함께 수록되어 있다.','동양의 역사와 사상',384,2011,'박제가','을유문화사',0,0,0),(41,'조선상고사','단재 신채호의 대표적 저술 <조선상고사>를 현대인이 읽을 수 있도록 구성한 책. 고어체를 현대말로 바꾸고, 한문으로 되어 있는 인용문들을 우리말로 옮긴 것이다. 쉬운 어휘를 사용하면서도 원저의 내용을 정확히 전달하고자 했으며, 상세한 주를 달았다. 또한 신채호와 한 시대를 살면서 옆에서 지켜본 사람들의 경험담을 권두언과 부록에 실었다.\n\n<조선상고사>는 처음에『조선사』란 이름으로 조선일보에 연재되어 당시 독자들로부터 절대적인 환영을 받았던 것으로, 이를 1972년 \'단재 신채호선생 기념사업회\'에서 전집을 간행하면서 <조선상고사>란 이름으로 출간하였다. 중국이 감추고 왜곡한 증거들을 제시하고, 우리나라의 사대주의자 및 식민사관에 젖은 사학자들에 의해 왜곡되고 축소되었던 우리 고대사의 참모습을 논리적으로 복원하였다.','동양의 역사와 사상',595,2006,'신재호','비봉출판사',0,0,0),(42,'삼국유사','인류의 위대한 지적 유산을 집대성한『한길그레이트북스』시리즈 제78권. 이 책에서는 일연의 <삼국유사>를 소개하고 있다. <삼국유사> 정덕본을 대본으로 하고, 육당의 증보본을 참조해 번역하였다.\n\n많은 문헌을 섭렵한 일연의 꼼꼼한 편찬으로 이룩된 <삼국유사>는『삼국사기』에서 빠뜨린 것을 보완한다는 성격을 지닌다.『삼국사기』에서는 가치가 없다고 제외시키거나 소홀히 다룬 자료들에 대해 주목하고 새로운 의미를 부여하고 있다.『삼국사기』가 합리적이고 공식적인 입장을 취한 정사라면, <삼국유사>는 초월적이고 종교적인 입장을 취한 야사에 해당된다.\n\n<삼국유사>의 내용은 왕력, 기이, 흥법, 탑상, 의해, 신주, 감통, 피은, 효선으로 나뉘어 있으며, 이는 크게 연대기로서 왕력, 삼국의 유사를 다룬 기이, 그리고 불교문화사적 관점으로 볼 수 있는 흥법 이하로 구분할 수 있다. 또한 그 존재조차 부정했던 \'삼국사기\'와 달리 <삼국유사>는 단군조선으로부터 이야기를 시작한다. 고대문학의 정수인 향기 14수가 실려 있어 문학사적 가치도 지니고 있다.','동양의 역사와 사상',616,2006,'일연','한길사',0,0,0),(43,'논어-슬기바다 1','시대를 뛰어넘는 삶의 지혜를 전하는 동양철학의 고전 <논어>를 번역한 책. <논어>는 공자와 그 제자들이 세상을 사는 이치나 교육, 문화, 정치 등에 관해 논의한 이야기들을 모은 책이다. 공자의 혼잣말, 제자의 물음에 공자가 대답한 것, 제자들끼리 나눈 이야기, 당대의 정치가들이나 평범한 마을사람들과 나눈 이야기 등 다양한 내용이 담겨 있다.\n\n<논어>에는 공자의 풍모와 성격이 곳곳에 배어 있을 뿐만 아니라, 당시에 공자와 제자들이 이야기하던 분위기와 말투가 그대로 살아 있다. 이 번역본에서는 다양한 주를 곁들여 <논어>의 뜻과 교훈을 생생하게 전해주고, 쉬운 우리말을 통해 원전 그대로의 의미와 분위기를 되살리고자 했다.','동양의 역사와 사상',421,2005,'공자','홍익출판사',0,0,0),(44,'맹자-슬기바다 2','유교사상을 완성한 맹자의 철학이 담긴 정치사상서 <맹자>를 번역한 책. 전국시대의 사회적 혼란과 사상적 위기 상황 속에서 공자의 가르침을 지키고 그것을 현실에 접목시키려고 했던 맹자의 사상이 <맹자>에 어떻게 반영되고 있는지 살펴본다. 인간과 사회, 역사 등을 대상으로 한 맹자의 다양한 언급들을 구체적인 맥락 위에서 해석하고 있다.\n\n이 번역본에서는 원문을 따라가는 직역이 아닌 의미의 전달을 위주로 <맹자>를 해설하였다. 본문만으로는 의미 전달이 미약한 구절이나 본문을 이해하는 데 필요한 고유 명사와 개념을 대상으로 주석을 덧붙이고, 각 장의 번역문 뒤에 원문을 함께 수록하였다.','동양의 역사와 사상',437,2005,'맹자','홍익출판사',0,0,0),(45,'대학-중용-슬기바다 3','유가적 자기수양의 근거와 방법을 이론적으로 체계화한 성리학 입문서 <대학>과 <중용>을 번역한 책. <대학>은 도덕적 행위의 원리를 파악하고 사고하여 스스로 도덕을 실천할 수 있도록 가르침을 전해준다. <중용>은 요임금, 순임금, 우임금으로 이어지는 성군의 도를 밝히면서 누구나 그것을 실천할 수 있는 가능성을 제시하고 있다.\n\n<대학>과 <중용>은 새로운 유학사상인 성리학의 이론체계가 형성되는 과정에서 핵심적인 논의의 단서를 제공하는 중요한 저작이다. 이 번역본에서는 주희가 해석한 것에 근거하여 <대학>과 <중용>을 번역하고, 전체적인 체제 역시 주희가 장절을 나눈 것에 근거하여 나누고 있다. 장절에 대한 설명은 주자학자들이 붙인 것에 따라 간략하게 설명을 덧붙였다.','동양의 역사와 사상',226,2005,'주희','홍익출판사',0,0,0),(46,'노자의 목소리로 듣는 도덕경','우리가 지금까지 만나온 <도덕경>은 다른 사람의 시각에 의해 재해석된 것이었다. 이 책의 \'들어가는 말\'에서 저자는 노자의 <도덕경>에 관한 기존의 연구들이 노자가 살았던 시기보다 6~700여년 후인 위진(魏晉)시대 왕필(王弼)의 <노자주>에 의존해왔음을 지적한다.\n\n노자의 제 목소리를 제대로 듣기 위해선 후대보다는 당시의 정치, 경제, 사회적 상황에 대한 이해가 필요하다고 주장하는 저자는 1973년 중국 호남성 장사의 마왕퇴에서 발굴된 백서본과 1993년 호북성 형문시에서 나온 죽간본으로 말미암아 판본에 대한 논의가 더욱 가속화되어온 현실을 반영하여 <도덕경>을 새롭게 번역하였다.\n\n기존의 <도덕경> 번역이나 주석이 주로 \'무위자연\'으로 대표되는 자연주의적 외침에 초점을 맞춘 것과 달리 이번 번역에서는 노자가 살던 시대의 역사와 문명에서 얻을 수 있는 반성적 사고가 오늘날의 우리에게 새로운 상상력과 사고력을 불러일으킬 수 있다는 것에 중점을 두었다. 노자는 \'무위자연\'의 모습을 통해 인간이 가야할 길을 우회적으로 일러주고 있다. 인간이 가장 자연과 닮은 모습으로 살아가기 위해선 인간 중심의 생각만 고집해서는 안 된다는 것. 이것은 현대사회를 사는 이들에게도 시사하는 바가 크다.\n\n각 판본들의 상이한 글자와 문맥상의 변화를 고려해 노자의 원래 의도에 가장 알맞다고 생각되는 정본으로 재구성하여 81장 모두의 내용을 소개하고, 해설을 덧붙이는 형식으로 구성되어 있다.','동양의 역사와 사상',556,2001,'최진석','소나무',0,0,0),(47,'장자','<장자>는 기원전 4세기의 전국시대를 무대로 전쟁과 살육, 군모술수가 소용돌이치는 절망의 시대에서 어떻게 참된 인간으로 살 수 있을까를 알려주는 인생지침서다. 안동림 선생이 국내 최초로 전편 역주한 <장자>는 1973년 처음 나온 이후 꾸준히 독자의 사랑을 받고 있으며, 2005년 <교수신문>에서 주최한 ‘최고의 고전 번역을 찾아서’에서 60여 권의 <장자. 번역 도서 중 ‘최고의 장자 번역서’로 선정되기도 했다.','동양의 역사와 사상',810,2010,'장자','현암사',0,0,0),(48,'사기열전 1','대표적 인문학 스테디셀러로서 판과 쇄를 거듭하며 많은 독자들의 사랑을 받아 온 김원중 교수의 <사기 열전>이 전면 개정되어 민음사에서 다시금 출간되었다. 2011년 개인으로서는 세계 최초로 <사기> 전권을 완역해 낸 김원중 교수는 <사기> 전권을 아울러 비교하며 이전에 번역되어 있던 <사기 열전>을 재점검하고 보완하여 번역의 통일성과 정확성을 한층 높였다.\n\n<사기> 130편의 절반 이상을 차지하고 있는 열전 70편은 수많은 인재들의 활약상이 돋보이는 명편이 특히 많은데, 삶을 어떻게 살 것인가 하는 근본적 문제에 대한 통찰력을 던져 주기에 독자들에게 주는 감동의 진폭도 더욱 크다.\n\n이번 개정판에서는 번역의 전면적 보완뿐 아니라 편집 면에서도 변화를 주었다. 독자의 이해를 돕기 위해 주나라, 춘추 시대, 전국 시대, 초.한 주요 격전지 지도를 삽입했으며 본문과 오가며 읽기 편하도록 주석을 각주로 바꾸었다. 또한 주요 장면을 표현한 옛 삽도를 첨부해 각 편을 한층 흥미롭게 즐길 수 있도록 했다.','동양의 역사와 사상',871,2015,'사마천','민음사',0,0,0),(49,'생활의 발견','4천 년 중국 역사에서 위대한 철학자들이 체득한 인생관을\n린위탕의 방식대로 깊이 있게 음미하여 새롭게 풀어낸 책!\n\n중국의 유명한 작가이며 문명비평가로 동양과 서양의 문화를 한 몸에 흡수한 보기 드문 석학 린위탕이 자신의 사상과 체험을 밝힌 산문집. 이 작품의 초판본이 영문으로 출판되자 서구인들은 그 기상천외한 발상과 주도면밀한 이론 전개에 경탄을 금치 못했으며, 그 놀라운 반응은 기하급수적으로 전 세계 지성인들 사이로 퍼져나갔다. 작품에 담긴 그의 박학한 지식은 뛰어난 유머와 풍자 속에 흘러넘치고 있어, 독자로 하여금 웃음과 탄성 속에서 삶의 지혜를 터득하게 해준다. 작품을 통해 나타나는 그의 서구적 교양은 그의 동양적 예지를 빛나게 하는 재량으로 쓰이고 있을 뿐만 아니라 서구적 논리로써 서구적인 것을 비판하고 동양적인 것을 내세우고 있다.\n이번에 문예출판사에서는 새로운 세대의 독자들이 읽기 편하도록 옮긴 린위탕의 『생활의 발견』을 리뉴얼하여 동양적 분위기가 나는 산뜻한 표지로 개정했다.\n인생은 너무나 진지하고 엄숙하기에 역설적으로 유머가 요구된다. 사람은 어떻게 살아야 가장 행복할 수 있는가? 넒고 깊은 지식을 바탕으로 잔잔하게 펼쳐지는 삶의 예지와 동양적 해학의 진수가 담겨 있다.','동양의 역사와 사상',329,2012,'린위탕','문예출판사',0,0,0),(50,'대동서','중국의 이상사회론을 제시한 청대의 정치사상서 <대동서>를 번역한 책. 청나라 말기의 학자이자 정치개혁론자였던 강유위의 저작 <대동서>는 중국 역사상 혼란이 극도로 심했던 시대에 역대 폭정을 신랄하게 비판하고, 도와 덕을 근간으로 유토피아 사상의 극치를 보여준다. 동서고금의 역사, 사상, 풍속, 법률 등의 방대한 분야와 문제점 등을 서술하고 있다.\n\n특히 이 책은 오랜 옛날부터 18세기에 이르기까지 모든 인간의 역사를 망라하면서 폭정과 영토 확장을 위한 전쟁 등을 인간 생활에서 어떻게 이해하고 해결해 나가야 할 것인지를 분명히 밝혀준다. 1부에서는 \'인간이 세상에서 느끼는 괴로움\'을 열거하고 이러한 괴로움의 근원은 아홉 가지 차별, 즉 구계(九界)가 존재하기 때문이라고 결론 짓는다. 나머지 9부에서는 바로 구계를 하나하나 짚어가면서 이를 극복하는 방법을 그려보고 있다.','동양의 역사와 사상',724,2006,'캉유웨이','을유문화사',0,0,0),(51,'간디 자서전','비폭력·불복종으로 인도의 독립운동을 이끈 정신적 지도자 간디의 위대한 생애를 담아낸 『간디 자서전』. 보편적인, 그리고 모든 것에 내재되어 있는 진실의 정신과 직접 만나려면 사람은 가장 미미한 창조물까지도 동일한 존재로 사랑할 수 있어야만 한다. 그리고 그것을 추구하는 사람은 어떤 생활 분야와도 떨어져 있어서는 안 된다. 자기 정화 없이는 생명을 가진 모든 것을 동일시할 수 없다. 신은 마음이 깨끗하지 못한 자 속에서는 결코 모습을 드러내지 않을 것이다. 따라서 자기정화는 생활의 모든 행위 속의 정화를 의미하는 것이어야만 한다. 그리고 정화는 전염되기 매우 쉬운 자아의 정화이기 때문에 필연적으로 그 사람의 주위에 대한 정화가 되어가는 것이다.','동양의 역사와 사상',536,2017,'마하트마 간디','파주Books',0,0,0),(52,'한 젊은 유학자의 초상','이 책은 일반 독자층을 대상으로 한 책으로, 전문적인 내용을 비전공인 일반 독자들도 쉽게 이해할 수 있도록 풀어쓴 교양 도서이다.','동양의 역사와 사상',264,1994,'뚜 웨이밍','통나무',0,0,0),(53,'묵자','<묵자>를 완역한 책. 번역의 원본은 청나라 필원이 찬한 영암산관 원본으로 상해고적출판사에서 출간한 것을 사용했다. <묵자> 53편을 통해 묵자와 묵가의 사상을 알 수 있다.','동양의 역사와 사상',660,2007,'묵자','자유문고',0,0,0),(54,'춘추좌전(상)','『춘추좌전』을 모르면 춘추전국시대를 논하지 마라!\n동아시아 역사문화를 이해하는 열쇠\n『춘추좌전』\n\n이번 전면개정판은 두예와 공영달의 주소注疏를 기본으로 하면서 『춘추공양전』과 『춘추곡량전』은 물론 역대 제가의 학설을 모두 참조한 『춘추좌전』의 결정판이라고 할 수 있으며, 『춘추좌전』의 편제에 관한 한 가장 체계적인 책이라고 할 수 있다. 사상사적으로 볼 때 『춘추좌전』의 위대한 면모는 국가의 흥체 이치를 있는 그대로 기술한 사서史書라는 사실에서 찾을 수 있다. 또한 치세와 난세의 관점에서 볼 때 『춘추좌전』은 난세의 전형인 춘추전국시대의 핵심인 춘추시대 역사를 가장 체계적으로 정리해 놓았다. 『춘추좌전』에 대한 이해가 없으면 결국 춘추전국시대를 제대로 파악할 길이 없고, 춘추전국시대를 모르면 동아시아의 역사문화를 이해할 길이 없게 된다.\n\n『춘추좌전』의 위상\n전래 유학에서 문文·사史·철哲을 대표하는 기본 텍스트로 문학의 『시경』과 사학의 『춘추좌전』, 사상의 『논어』를 들 수 있다. 이들 경전은 ‘사서삼경’을 비롯한 13경 가운데 21세기에도 여전히 찬연한 빛을 발하고 있는 대표적인 고전에 해당한다. 『춘추좌전』을 제대로 이해하지 않고는 『논어』는 말할 것도 없고 『시경』도 제대로 해석하기가 어렵다.','동양의 역사와 사상',909,2017,'좌구명','인간사랑',0,0,0),(55,'유배지에서 보낸 편지','오랜 세월이 지나도 빛바래지 않는 정약용의 따뜻한 삶의 지침들~\n\n정약용이 유배지에서 가족과 친지, 제자들에게 보낸 편재를 모아 엮은 『유배지에서 보낸 편지』. 조선 후기 우리나라 사상 형성에 큰 영향을 끼친 다산 정약용의 글 모음집이다. 그가 1801년 유배지에서 그의 두 아들에게 보낸 편지 27편을 비롯해, 아들에게 내려주는 교훈 9편, 형님에게 보내는 편지 14편, 제자들에게 당부하는 말 11편 모두 61편의 인생 교훈 지침 글을 수록했다.\n\n200년 전 18년간 유배생활을 하면서도 잠시도 붓을 놓지 않았던 정약용의 편지가 오랜 세월을 견딜 수 있는 생명력은 어디서 오는 걸까? 정약용이 손대지 않은 학문 분야는 사실상 없었고, 그는 당대 최고의 사상가, 정치가, 행정가 이자 의사, 지리학자, 과학 기술자였다. 그런 그는 누구보다 엄하고 다정한 아버지이자 속 깊은 동생이었으며, 올바른 스승이었다. 이 책에는 정약용의 그런 내면이 고스란히 녹아 있는 편지를 담아 그의 삶과 사상을 엿본다.\n\n유배지에서 아들과 제자들에게 보낸 이 편지글에는 자상하고 간곡한 아버지와 스승의 정이 넘치면서도 그 밑바닥에는 더 좋은 세상을 만들려는 뜨거운 의지가 용솟음치고 있다. 참다운 스승을 만나기 어려운 오늘날, 다산이 서한으로 전한 말들은 우리에게 더없이 소중한 깨우침을 전한다. [양장본]','동양의 역사와 사상',330,2009,'정약용','창비',0,0,0),(56,'산해경','중국 최고(最古)의 대표적인 신화집. 고대 중국의 사회, 역사, 지리, 민속, 종교 등 여러 분야 에 관한 생생한 증언. 불로불사의 신선, 영생의 유토피아, 이백 시(詩)의 자유와 환상 등 유 학(儒學)과 함께 중국 문화의 한 축을 이루는 낭만적이고 신비적인 것들의 문학·예술적 실 체를 가능하게 했던 정신적 원천. 한 마디로 고대인의 꿈과 무의식에 뿌리를 둔 원형적 이 미지들을 집대성한 상상력과 환상의 결정체이다. 고대인들이 가졌던 세계관을 엿볼 수 있으 며 조선·숙신·맥 등 옛 한국과 관련되는 지명들이 등장하고 이른바 동이(東夷) 계 문화가 적잖이 포함되어 있어 우리 상고사의 수수께끼들에 관한 힌트도 얻을 수 있다. 산경은 중국 및 그 주변 지역을 방위에 따라 다섯으로 구분하여 모두 447곳의 산을 수록했다. 각 산마다 산천의 형세, 산출되는 광물·동식물·괴물 및 신령을 설명하고 각 편마다 끝부분에는 제사 드리는 방법을 소개해 놓았다. 해경은 내용이 좀더 포괄적이어서 이국의 풍속·사물·영웅 의 행적·신들의 계보·괴물 등 한층 다양하다.','동양의 역사와 사상',388,1996,'작가미상','민음사',0,0,0),(57,'한비자','도덕을 버리고 법술로 다스린다\n\n<한비자>는 법지상주의를 강조한 법가 사상의 대표적인 고전이다. 유가의 덕치론과 법가인 상앙의 견해도 비판.수정하여 부국강병을 위한 독자적인 학문을 형성했다. 또 신하 통솔법과 법술에 대해서도 자세히 밝히고 있다. <한비자>는 법을 독립된 고찰 대상으로 삼아 유물론적이며 실증주의적 방법에 의해 사상 체계를 독자적으로 수립한 점이 높게 평가되고 있다.','동양의 역사와 사상',349,2007,'한비','신원문화사',0,0,0),(58,'젊은 예술가의 초상','20세기 가장 영향력 있는 예술가로 손꼽히는 제임스 조이스의 경험을 투영한 자전적 소설이다. 주인공 스티븐 디덜러스가 유년 시절부터 학창시절을 거쳐 한 사람의 예술가로 성장해 나가는 모습을 근거리에서 추적한 이 작품은, 예술가가 되기 위해 가족, 사회, 종교, 조국 등 자신을 둘러싼 모든 것을 거부해야 했던 한 소년의 고독과 방황 그리고 용기를 섬세하고 그려내고 있다. 『율리시스』에서 꽃피운 「의식의 흐름」 기법이 처음 실현된 소설로 주인공의 의식을 따라 이야기가 진행되며, 한 소년이 진실된 자신의 모습을 찾아가는 모습을 아름다운 언어로 표현했다.\n\n『율리시스』와 함께 제임스 조이스의 대표작으로 꼽히는 이 작품은 「감수성의 혁명」이라는 수식어와 함께 그를 20세기 모더니즘을 이끈 매우 중요한 작가로 인정받게 하는 데 큰 역할을 했다.','동서양의 문학',368,2011,'제임스 조이스','열린책들',0,0,0),(59,'구토','실존주의의 형상화라는 난해한 주제를 지닌 이 작품은 주인공 로캉탱의 예리한 관찰을 통해서 소시민적 권태와 부르주아의 위선, 그리고 더 나아가 무의미한 대화들만 주고받는 모든 인간들의 비진정성을 드러낸다. 실존을 자각하는 순간 구토를 시작한 로캉탱은 철학 교사로 있으며 작가적 명성을 얻기 위해 열망하던 사르트르의 분신이다.\n\n이 작품의 주인공 앙투안 로캉탱은 부빌에 거주하며 3년째 \'죽은 자\'를 연구하는 서른 살 연금생활자이다. 그는 결국 언젠가는 자신을 버릴 도시의 깊은 우울함 속에 고립된 채 살아간다. 스쳐가는 사람들이 나누는 의미 없는 대화, 그와 접촉하는 소수의 사람들, 부빌의 풍광 등이 인상파 화가의 붓끝인 양 이어지고, 결국 로캉탱은 새롭지만 아주 작은 희망의 가능성을 가슴에 감춘 채 부빌을 떠난다.','동서양의 문학',352,1999,'장 폴 사르트르','문예출판사',0,0,0),(60,'실락원','영국의 대표적인 시인이자 사상가의 대서사시. 구약성서의 <창세기>에 근거한 아담과 하와의 타락과 낙원 추방을 묘사하여 인간의 원죄를 주제로 하였다.','동서양의 문학',490,1994,'존 밀턴','일신서적출판사',0,0,0),(61,'파우스트','『파우스트』악마 메피스토펠레스에게 시험을 당하는 주인공 파우스트 박사는 무엇이든 알고자 하는 욕구가 폭발하는 르네상스적 가치를 구현하는 인물. 1부에서는 지상에서 가장 큰 쾌락을 얻고자 방황하는 이야기가, 2부에서는 시공을 넘나드는 대우주적인 체험을 하는 이야기를 담았다.','동서양의 문학',630,2010,'요한 볼프강 폰 괴테','문예출판사',0,0,0),(62,'일라아스/오디세이아','월드북\' 제51권, 호메로스의 『일리아스ㆍ오디세이아』. 트로이 전쟁을 다루는 고대 그리스 영웅 서사시 <일리아스>와 <오디세이아>를 담고 있다. 고대 그리스인의 정신과 사상, 생활과 문화 등을 엿본다. 아울러 고대 그리스 신화 속 신들의 이야기가 흥미롭게 펼쳐진다. 세계문학사에 빛나는 위대한 고전이다.\n\n<일리아스>는 <일리오스의 노래>라는 뜻으로, 10여 년에 걸친 트로이 전쟁이 끝나갈 즈음, 50여 일간에 일어난 일을 다루고 있다. 그리스 쪽의 장군 아킬레우스와 트로이 쪽의 장군 헥토르가 중심 인물이며, 오디세우스, 아가멤논, 디오메데스 등 여러 장군이 나와 자신의 특성을 발휘한다.\n\n<오디세이아>는 \'오디세우스의 노래\'라는 뜻으로, 트로이 전쟁이 끝난 후, 10여 년간 여러 곳을 방랑한 영웅 오디세우스의 모험담을 들려주고 있다. 그리스 쪽의 장군 오디세우스가 자신의 나라 이타카로 돌아와 텔레마코스와 힘을 합쳐 자신의 아내 페넬로페이아에게 구혼하는 악한 구혼자들을 퇴치하기까지의 40여 일간에 일어난 일을 다룬다. 양장본.','동서양의 문학',925,2007,'호메로스','동서문화사',0,0,0),(63,'원전으로 읽는 변신이야기','고전 신화를 집대성한 오비디우스의 <변신이야기>를 원전완역했다. 변신이라는 \'모티프\'를 통해 인류의 시원에 대한 관심, 생동감 넘치는 상상력, 서양 고대의 인식 체계, 인간의 욕망에 대한 폭넓은 통찰, 풍부한 상징과 은유를 녹여낸 작품으로, 서양의 대표적 고전으로 손꼽힌다.\n\n라틴어 텍스트를 대본으로 원문 1만1천995행을 꼼꼼히 번역했다. 단순히 줄거리만 전해주는 것이 아니라, 오비디우스가 <변신이야기>에서 성취한 훌륭한 문학적 성과를 고스란히 전해준다. 꼼꼼한 역자 주는 좀더 넓은 신화의 세계 속에서 <변신이야기>를 파악하도록 돕는다. 또, 행수를 표시하여 라틴어 원문 및 영어판 등과 비교하여 읽을 수 있도록 배려했고, 잘못된 인명과 지명 표기를 바로잡아 라틴어 이름을 그대로 적고 그리스 이름을 병기하였다.\n\n베르길리우스의 <아이네이스>와 함께 후대의 서양문학에 가장 큰 영향을 준 라틴문학의 걸작으로, 처음 쓰여졌을 때부터 지금까지 2000년동안 끊임없이 읽혀지며 서양인들의 자의식 형성에 적지 않은 영향을 주었다. 또, 초서, 스펜서, 셰익스피어, 밀턴을 비롯, 제임스 조이스, 엘리엇, 단테, 보카치오, 괴테, 릴케, 세르반테스에도 지대한 영향을 미쳤다.\n\n역사의 대본으로는 William S. Anderson이 편집한 <Metamorphoses>(Bibliotheca Teuneriana, 2001)의 라틴어 텍스트를 사용했고, 그외 다수의 <변신이야기> 관련 주석서와 영역본과 독역본를 참고해 번역했다. 본문 뒤에는 찾아보기를 달아 필요한 이름을 쉽게 찾을 수 있게 했다. <변신이야기>는 2005년 2월 4일에 발표한 \'서울대생이 읽어야 할 권장도서100선\'에 선정된 도서이기도 하다.','동서양의 문학',798,2005,'오비디우스','숲',0,0,0),(64,'인간의 조건','삶과 죽음 사이에서, 역사와 실존 사이에서, 우정과 애정 사이에서, 과거와 미래 사이에서, 감각과 의지 사이에서, 밤과 낮 사이에서 그리고 무엇보다도 인간과 인간 아닌 것 사이에서 인간이 되는 최소 조건은 무엇인가? 이에 대한 해답을 제시한 책.','동서양의 문학',532,2000,'앙드레 말로','지식공작소',0,0,0),(65,'양철북','1999년, 수많은 후보자들의 경쟁 속에서 노벨문학상을 수상한 독일 작가 귄터 그라스의 대표작. 나치스 치하에서 성장하여 전쟁에서 살아남은 독일 전후세대를 대변하는 탁월한 작품으로 평가받는다.\n\n세 살 생일에 오스카는 \'어른들과 거리를 두기 위해\' 성장을 멈추기로 결심한다. 고작 97센티미터에 불과한 키 때문에 누구도 그에게 책임을 묻는 일이 없다. 20세기 초 가장 비극적이며 추잡한 사건의 현장범이지만 그는 어떤 혐의도 받지 않으며, 그래서 가장 냉정한 관찰자다. 양철북을 든 것은 오스카이지만, 소설 속 ‘나’이기도 하고, 오스카가 성장을 멈춘 1927년에 바로 그 단치히에서 태어난 귄터 그라스 자신이기도 하다.\n\n작가가 묻고 있는 것은 분명하다. 한 세기를 함께 살아온 우리는 1900년대의 광기로부터 자유로운가? 앞으로 살아낼 또 한 세기는 이전과 다를 것이라고 자신할 수 있는가? 『양철북』은 1899년, 오스카의 할머니 안나 브론스키가 감자밭에서 떠돌이 남자를 자신의 네 겹 치마 밑에 숨기는 데에서 시작된다. 20세기는 19세기와 연결되고, 20세기는 다시 귄터 그라스를 통해 21세기로 옮겨진다. 20세기 마지막 노벨문학상은 수상자를 제대로 찾은 셈이다.','동서양의 문학',641,2010,'귄터 그라스','동서문화사',0,0,0),(66,'페스트','극한의 절망 속에서도 억누를 수 없는 희망의 의지!\n\n20세기 실존주의 문학의 대표 작가 알베르 카뮈의 소설 『페스트』. \'페스트\'라는 비극적인 현실 속에서 의연히 운명과 대결하는 인간의 모습을 그린 이 작품은 20세기 문학이 남긴 기념비적인 고전으로 꼽힌다. 무서운 전염병이 휩쓴 폐쇄된 도시에서 재앙에 대응하는 사람들의 각기 다른 모습이 묘사된다. 인물들은 재앙에 대처하는 서로 다른 태도를 드러내 보인다. 그들의 모습을 통해 절망과 맞서는 것은 결국 행복에 대한 의지이며, 잔혹한 현실과 죽음 앞에서도 희망을 놓지 않는 것이야말로 이 부조리한 세상에 대한 진정한 반항임을 이야기한다. 이번 한국어판은 1999년 우리나라 최고의 불문학 번역가로 선정된 김화영 교수가 새로운 번역으로 선보인다.','동서양의 문학',508,2011,'알베르 카뮈','민음사',0,0,0),(67,'카라마조프 씨네 형제들','러시아 대문호 도스토예프스키의 대표작 『카라마조프 씨네 형제들』. 신과 종교, 삶과 죽음, 사랑과 욕정, 인간 본성의 문제를 탐구해 낸 대서사시라 평해지는 작품이다. 19세기 후반 러시아의 소도시, 이 지방의 지주 표도르 카라마조프의 집에 20여 년 만에 아들들이 찾아온다. 평생 방탕하게 살아온 표도르는 두 아내가 낳아 준 드미트리, 이반, 알렉세이를 나 몰라라 해 왔던 것이다. 드미트리가 아버지와 재산 문제를 담판 지으러 왔다가 아버지가 점찍어 둔 여자에게 반해버리면서 일은 좀 더 복잡해지는데….','동서양의 문학',758,2011,'도스토옙스키','누멘',0,0,0),(68,'안나 카레니나','<전쟁과 평화>, <부활>과 함께 3대 걸작으로 손꼽히는 톨스토이 대표작. 청순하고 진지한 콘스탄틴 드미트리치와 키치의 사랑, 그리고 그들의 결혼생활을 안나와 알렉세이 키릴로비치의 사랑과 대조적으로 그려 넣음으로써, 참답게 신의 뜻에 순응하는 자의 행복과 그렇지 않은 자의 불행을 보여주고 있다.\n\n톨스토이는 1970년대 러시아 귀족사회의 양상을 묘사한 사회소설적 성격의 이 작품을 통해 가문의 명예를 중시하는 위선적인 귀족사회의 모습을 비판하면서, 불륜의 사랑이 가져오는 참담한 결과를 여실히 보여준다. <양장본>','동서양의 문학',675,2008,'레프 톨스토이','혜원출판사',0,0,0),(69,'백년 동안의 고독','라틴아메리카의 특수한 사회구조를 환상적으로 직조해낸 가브리엘 마르케스의 대표작!\n\n노벨문학상 수상작가 가브리엘 마르케스의 대표 장편소설 『백년 동안의 고독』. 1982년 노벨문학상 수상작으로, 중남미 문학의 특징인 \'마술적 리얼리즘\'의 원조격인 소설로 평가받는다. 마을에서 도시로 팽창하다가 신기루처럼 사라져간 마콘도를 무대로 한 집안의 백년에 걸친 역사와, 기이한 자녀를 에워싸고 일어나는 이야기를 엮은 작품이다. 라틴 아메리카의 복합적인 인종, 문화, 역사적 전통과 현실을 배경으로 하여, 라틴아메리카의 특수한 사회구조를 생생하게 그려냈다.','동서양의 문학',470,2005,'가브리엘 가르시아 마르케스','문학사상',0,0,0),(70,'변신·시골의사','20세기 문학의 새로운 장을 열었고 현대문학의 불멸의 신화가 된 프라하 출신 작가의 단편집. 프란츠 카프카는 20세기 문학의 한 특징적 징후를 대표하는 작가이다. 카프카는 모든 것이 불확실한 현대인의 삶, 출구를 찾을 수 없는 삶 속애서 인간에게 주어진 불안한 의식과 구원에의 꿈 등을 군더더기 없이 명료하고 단순한 언어로 형상화했다. 그의 작품들은 그 난해함에도 불구하고 수많은 추종자들을 낳았고 그 행렬은 21세기에도 끊임없이 뻗어나갈 것이다. 그의 문학적 영향력을 단적으로 보여주는 한 예는 독일의 문예용어사전 및 독일어사전에 <카프카적 KAFKAESK>이라는 낱말이 이미 오래전부터 자리하고 있다는 사실일 것이다.\n이번에 출간된 단편선집에는 독자들에게 <카프카적>인 것에 이르는 가장 믿을 만한 안내서 역할을 하자는 취지에서 선정된 32편의 중단편 소설들이 실려 있다. 우리나라 독자들에게 가장 널리 알려져 있는 그의 대표작 「변신」을 비롯하여 「판결」, 「시골의사」(이 두 작품은 카프카 스스로도 만족했던 작품이다), 「굴」(이 작품은 카프카가 죽기 전 원고들을 불태우게 할 때 유일하게 제외시켰던 작품으로 알려져 있다) 등 카프카 문학의 정수를 엿볼 수 있는 작품들이다.','동서양의 문학',252,1998,'프란츠 카프카','민음사',0,0,0),(71,'타이스 붉은백합','삶의 다양한 문제를 통찰한 프랑스 작가의 고전. 자신의 영적 구원을 위해 이집트 사막에서 험난한 고행의 길을 걷는 수도원장 파프뉘스, 죄악과 타락의 진흙탕 속에 묻힌 탕녀 타이스 등을 통해 인생의 의미를 묻는 <타이스>와 <붉은 백합>을 엮었다.','동서양의 문학',512,1997,'아나톨 프랑스','서울대학교출판부',0,0,0),(72,'열하일기','연암 박지원이 조선 정조 때 학자로 청나라를 다녀와서 쓴 기행문집 『열하일기』. 이 책은 여행지에서의 견문을 생생하게 그려내고 있을 뿐만 아니라 중국의 신문물과 북학파의 실학을 소개하고 있어 수많은 조선시대 연경 기행문학의 백미로 꼽힌다. 이 책을 통해 박지원은 유려한 문장과 진보적 사상으로 이름을 널리 떨쳤으며, 북학론을 주장하고 이용후생의 실학을 강조하였다.','동서양의 문학',1038,2010,'박지원','동서문화사',0,0,0),(73,'서유견문','조선말 지식인 유길준이 유럽과 미국을 둘러보고 쓴 우리나라 최초의 서유견문록. 국한문 혼용체로 설명적 논설문 18편과 기행문 2편을 수록하고 있는 이 저서는, 자주 독립과 근대화 사회를 수립하기 위해 발달된 서양의 모습을 조정과 국민들에게 전달하려고 했던 개화 의지의 산물로, 서양의 정치 구조와 사상을 체계적으로 설명하면서 당시 조선의 정치적·외교적 개혁의 방향을 제시하고 있다.','동서양의 문학',126,2005,'구인환, 유길준','신원문화사',0,0,0),(74,'파한집','『파한집』은 고려 명종 때 문신인 이인로의 설화 문집으로, 우리나라 최초의 비평 문학서로서 그 가치가 높다. 제목만으로는 심심할 때에 읽을 만한 책으로 다가오지만, 우리나라의 한자문학, 특히 한시에서는 없어서는 안 될 저서이다. 이 작품에는 시화, 문담, 기사와 자작 작품이 실려 있으며, 옛 선비들의 문학관과 사상을 엿볼 수 있는 좋은 기회이자 고려사 연구에 귀중한 자료로 평가받는다.','동서양의 문학',134,2003,'이인로','신원문화사',0,0,0),(75,'난중일기','가장 완전한 형태로 복원된 『난중일기』 완역본\n400여 년 동안 묻혀 있던 을미년(1595) 일기 및 누락 문장 모두 수록\n\n1592년 4월 일본의 조선 침략으로 시작되어 근세 아시아 판도를 뒤흔들어 놓은 7년간의 전쟁을 한 장수의 눈으로 기록한 『난중일기』는 전쟁을 맞은 인간 이순신의 고투를 남김없이 보여 주는 비망(備忘) 기록이다. 이순신이 초서로 몹시 흘려 쓴 일기의 친필 초고는 치열한 전투가 일어났던 해일수록 그 정도가 더욱 심하여 당시의 긴박함을 생생히 보여 준다. 그러나 이로 인해 후대인들은 이 일기의 상당 부분을 제대로 읽어 낼 수 없었고 오독되어 전해진 글자도 많았는데, 현대의 수많은 한글 번역본들 또한 이러한 오류를 바로잡지 못했다. 이 책은 이전의 모든 판본을 종합하여 한 자 한 자 검토하였고 누락되고 오독된 많은 부분을 밝혀내어 처음으로 수정했다. 또한 2008년『충무공유사』판독, 번역 과정에서 새로 밝혀진 「을미일기」등 32일치 일기를 반영하여 지금까지의 『난중일기』 중 가장 완전한 정본을 세웠다.\n\n교감 완역『난중일기』는 초고본에서 문맥과 문헌을 참고하여 91건을 바로잡았고, 전서본으로 29건, 『난중일기초』로 3건, 새로 발견된 일기초로는 58건을 교감하여 수정했다. 또한 그동안 전서본만 전해져 오던 이순신 장군의 개인적이고 가정사적인 내용을 위주로 적은「을미일기」를 포함하였다. 「을미일기」에는 권율과 원균 등 상관과 동료에 대한 불만을 직접적으로 토로한 내용을 담고 있어 지금까지 볼 수 없었던 이순신의 새로운 면모를 알 게 해준다. 이 책에는 모든 판본을 일일이 대조하여 교감한 원문을 전부 수록하였고, 이에 기초한 한글 번역판에는 세심하게 주석을 달아 독자들의 이해를 도왔다.','동서양의 문학',852,2010,'이순신','민음사',0,0,0),(76,'천변풍경','우리 현대 문학 100년의 역사를 새롭게 정리하고 원본 및 연재본을 일일이 대조하여 그간의 오류를 수정하는 등 원전 텍스트를 확정한 \'한국문학전집\' 시리즈. 현대식 맞춤법과 띄어쓰기를 적용시킴으로써 오늘의 독자들에게 우리 문학의 고전을 동시대의 작품처럼 신선하게 맛볼 수 있게 하자는 취지에서 간행된 \'한국문학전집\' 시리즈 중 열 번째 책이다. 　\n\n　\n\n근대적 일상성의 부정을 추구했던 초기작품의 모더니즘적 경향과 리얼리즘 미학의 경계를 넘나드는 박태원의 역작 <천변풍경>은 1930년대 서울의 풍경을 파노라마식으로 담아내면서 식민지라는 파행적 상황에서 기형적으로나마 실현되었던 근대화 양상을 기층 민중의 생활을 통해 본격적으로 포착해 냈다는 점에서 의의가 크다. 또한 <천변풍경> 이후 역사소설로 나아가는 박태원 문학의 궤적을 설명하는 단초가 된다는 점에서도 주목되는 작품이다. 이\n\n　\n\n이상, 최명익과 함께 1930년대 한국 모더니즘 서설을 대표하는 작가 박태원이 보여주는 한국 모더니즘 소설의 정점을 만나보자.','동서양의 문학',468,2005,'박태원','문화과지성사',0,0,0),(77,'위대한 유산1,2','인간에 대한 깊은 통찰이 담긴 찰스 디킨스의 대표작!\n\n영국을 대표하는 작가 찰스 디킨스의 소설『위대한 유산』제1권. 19세기 산업화 초기 시대 영국의 부조리한 사회를 그려내는 작가였던 디킨스는 그러한 사회 비판적 시선을 대중적이고 보편적인 주제 안에 자연스럽게 풀어내었다. 작품성과 대중성을 함께 인정받는 이 소설은 그 시대 영국의 중산계급에 널리 퍼졌던 사회적 욕망을 보여주고 있다.\n\n억척스러운 누나와 대장장이인 매형과 살아가던 소년 핍은 마을의 유지 미스 해비셤의 집에서 아름다운 소녀 에스텔러를 만난다. 핍은 에스텔러를 만난 후 자신의 가난과 무지를 깨닫고 번민의 사춘기를 보내며 신분 상승에 대한 욕망을 갖게 된다. 그러던 중 익명의 사람으로부터 거액의 유산을 물려받게 된 핍은 런던으로 가서 신사 교육을 받는다.\n\n핍은 런던에서 여전히 도도하고 차가운 에스텔러와 재회한다. 하지만 그는 점점 어린 시절의 순수함을 잃고 속물적인 인간으로 변해가는데…. 빅토리아 여왕 시대를 배경으로 핍이 성장하면서 겪는 방황과 사랑의 아픔, 신분 상승에 대한 욕망을 그리고 있다. 핍의 개인적 욕망의 아닌, 핍을 둘러싼 다양한 인물들의 보편적 욕망을 통해 깊이와 무게를 더했다.\n\n☞ 작품 조금 더 살펴보기!\n이 작품은 아름다운 키스 장면으로 많은 사랑을 받았던 알폰소 쿠아론 감독의 영화 <위대한 유산>의 원작소설이기도 하다. 작가는 당시의 사회상을 비판적으로 보여주면서, 동시에 욕망과 사랑이라는 인간의 본성을 이야기한다. 오늘날 우리의 삶과 크게 다르지 않은, 인간이라면 세상을 살아가면서 한 번쯤 부딪치게 되는 보편적인 문제들을 다루고 있다.','동서양의 문학',911,2009,'찰스 디킨스','민음사',0,0,0),(78,'닥터 지바고','한국최초 21세기 최신 개혁판 탄생!\n러시아 문학 대표작이자 20세기의 위대한 고전!\n이념보다 자유를 외친 영원한 아웃사이더 유리 지바고\n혁명 소용돌이에 스러진 지식인의 열정적 삶,\n눈 내리는 러시아 대지에 펼쳐지는 장엄한 비극 대서사시!\n삶과 사랑, 자유 생명 그 진리의 끝없는 찬가!\n\n놀랍도록 광활하고 아름다운, 눈 내리는 자작나무숲의 러시아 자연 풍경, 그 안에서 펼쳐지는 유리와 라라의 가슴 절절하고도 애잔한 사랑…….1955년 완성, 이탈리아에서 먼저 출판된《닥터 지바고》는 러시아혁명의 잔혹함과 그 파란 속에서 펼쳐지는 개인의 방황, 정신적 고독, 애틋한 사랑을 서사적으로 그려 세계적인 베스트셀러가 되었으나 정작 작가의 모국인 소련에서는 1988년까지 출간을 금지 당했다. 러시아혁명과 소련의 사회건설을 비판했다는 이유였다. 비록 조국에서는 침묵을 강요받았지만 서방 세계에서 뜨거운 찬사를 받은 이 작품으로 파스테르나크는, 1958년 노벨 문학상을 수상한다. 그러나 소련 내의 정치적 압력으로 끝내 수상을 거부해 큰 반향을 불러일으키기도 했다.\n\n소련과 서방 세계가 보여준 이 뚜렷하게 다른 반응은 이 작품이 받아들여지는 방식에 중대한 영향을 미쳤다. 파스테르나크는 동서양에서 사회주의 국가 철의 장벽을 넘어, 개인의 자유라는 서구적 낭만을 상징하는 작가가 되었기 때문이다.','동서양의 문학',680,2016,'보리스 파스테르나크','동서문화사',0,0,0),(79,'변신 인형','20세기 중국의 왜곡된 삶 속에 숨어 있는 진정성과 의미를 찾는 소설. 당대 중국을 대표하는 지성이자 \'문제작가\'인 왕멍의 자전적 소설로, 풍자와 유머로 거듭나는 치열한 시대정신을 시점과 화법의 다양한 변주를 통해 보여주고 있다. 이 작품이 그리는 것은 등장인물들의 부정적인 모습 자체가 아니라 봉건적인 것이 어떻게 인간의 영혼을 파괴하는가, 어떻게 인간을 악으로 물들이는가 하는 것이다. 그리고 그 묘사는 한 가족으로부터 사회 전체로, 식민지 반봉건 사회로부터 여전히 봉건성에 침윤되어 있는 사회주의 중국의 사회로, 더 나아가서는 신시기까지 포함하는 20세기 중국 역사 전체로까지 확대된다.','동서양의 문학',516,2004,'왕멍','문학과지성사',0,0,0),(80,'주홍글씨','미국 낭만주의 문학의 선구자, 너새니얼 호손의 대표작!\n\n19세기 미국의 대표적인 작가 너새니얼 호손의 장편소설. 소설은 헤스터와 딤스데일, 칠링워스 세 사람을 통해 죄악이 그들의 인생을 어떻게 파멸과 구원의 길로 이끌어 가는지 보여 준다. 이를 통해 인간 영혼의 어두운 본성과 19세기 청교도 사회의 불안전성, 개인과 사회에 내재한 나약함을 날카로운 통찰력으로 형상화하고 있다.\n\n17세기 미국 보스턴. 순수하고 신성한 유토피아를 꿈꾸는 이 청교도 마을에서 \'간음하지 말라\' 라는 일곱 번째 십계명을 어긴 죄인으로, 헤스터는 \'간통(Adultery)\'을 상징하는 글자 \'A\'를 평생 가슴에 달고 살아야 하는 형벌을 받는다. 사람들의 경멸에도 죄악의 징표인 \'A\'를 주홍빛 천으로 만들어 그 둘레에 금실로 화려하게 수를 놓아 당당하게 달고 다닌다.\n\n그런 헤스터와는 달리, 그녀의 간통 상대인 딤스데일 목사는 자신의 죄를 차마 세상에 드러내지 못하고 죄책감에 사로잡혀 나날이 쇠약해져만 간다. 한편 뒤늦게 미국에 도착한 헤스터의 전 남편 칠링워스는 우연히 목사의 비밀을 알아차리고, 신분을 드러내지 않은 채 자신의 의사 직을 이용해 병약한 목사의 곁에 머물며 복수할 기회를 엿보는데….','동서양의 문학',302,2004,'나다니엘 호손','문예출판사',0,0,0),(81,'걸리버 여행기','어린이들을 위한 동화로 잘못 알려진 걸리버 여행기 완역본. 주인공인 선장 걸리버의 다양한 모험세계를 흥미있게 그린 책으로 거인국인 브롭딩낵 기행과 소인국인 릴리퍼트 기행, 하늘을 나는 섬의 나라 라퓨타,럭낵,글럽덥드립,일본기행,말들의 나라 기행 등을 담았다','동서양의 문학',384,2010,'조너선 스위프트','문학수첩',0,0,0),(82,'모비딕','포경선을 탄 경험이 있는 특이한 이력의 작가 허먼 멜빌이 격조 높은 서사시적 산문체로 써내려간 『모비 딕』(흰 고래 모비 딕Moby-Dick: or, The Whale)이 국내 최고의 번역으로 완역 출간되었다. 2010년 작가정신 아셰트 클래식 시리즈의 한 권으로 일러스트판이 출간된 이후, 많은 독자들의 요청에 따라 새롭게 보급판을 선보인다. 고래학學과 포경업에 대한 멜빌의 치밀한 기록을 그대로 수록한 이 책은 그동안 국내에 소개된 축약판으로는 느낄 수 없었던 『모비 딕』의 심오한 세계를 제대로 이해하고 음미하게 해주는 길잡이가 되어줄 것이다.\n서두에서부터 ‘고래’에 대한 ‘어원’ 탐구와 문헌 ‘발췌록’이 등장하고, 작가의 체험과 도서관에서 조사하고 연구한 고래와 포경에 대한 갖가지 지식이 총망라된 이 독특한 소설은 출간 당시에는 어렵고 낯설다는 이유로 외면당했지만 작가가 죽고 30여 년 후에 재평가되기 시작했고 오늘날 미국문학을 대표하는 걸작이 되었다.\n집착과 광기에 사로잡힌 한 인간의 투쟁과 파멸을 그린 전율적인 모험소설이자 최고의 해양문학, 미스터리와 공포가 충만한 미국식 고딕소설이자 뛰어난 상징주의 문학 또는 자연주의 문학. 이처럼 다양한 각도로 해석되고 평가되는 『모비 딕』은 새삼 줄거리를 소개할 필요가 없을 정도로 널리 알려진 작품이지만, 대부분의 독자들이 아는 『모비 딕』은 사실 빙산의 일각에 지나지 않는다. 고래에 대한 백과전서적인 이 소설은 고래와 포경업에 관해 인류가 탐색하고 축적해온 지식들, 우주와 인간에 대한 철학적 명상들로 가득하다. 끝없이 펼쳐지는 바다와 하늘, 거친 파도와 폭풍, 그리고 다시 잔잔한 바다와 하늘. 대양에서 펼쳐지는 에이해브와 모비 딕의 대결은 자연의 의지에, 우주의 힘에 대항하는 인간의 모습을 떠올리게 하고, 그때 그 바다는 우주의 섭리를, 삶의 비극을 가르치는 장場이 된다. 부정적이고 우울한 세계관에 영혼이 마비되어버린 에이해브의 비극을 통해 우리는 인간 영혼의 다의적인 패배와 승리, 파괴의 충동, 선과 악의 갈등, 그리고 인간이라는 존재에 대해 다시금 되돌아보게 된다.','동서양의 문학',718,2019,'허먼 멜빌','작가정신',0,0,0),(83,'마음','마주하기 위해 함께 끌어안아야만 하는 고독에 대해 생각하게 한다.\n발견된 자아는 대단한 것이 아니라 쓸쓸하고 외로운 것\n\n현재를 살아가는 우리가 지닌 고독의 괴로움, 변화를 감내하는 불안감. 이는 근대의 막이 열리던 시기에 급속하게 사람들에게 찾아온 인식 변화이며, 이 작품 전체를 지배하는 기조이기도 하다. 소세키는[마음]에서 스스로를 포함하여 인간 존재 일반을 증오하는 선생님이라는 인물을 통해 현대의 우리 모습을 투영했고, 나아가 살아간다는 것의 의미, 인생의 의미, 그리고 ‘개인’이라는 큰 문제의 해답을 위한 안내자가 되어준다.\n\n[마음]은 모두 세 장으로 구성되어 있다. 첫 번째 장에서는 ‘나’와 선생님이 처음 만나 관계가 발전되는 과정을, 두 번째 장에서는 아버지가 위독하여 고향에 내려가게 된 ‘나’와 가족 간의 관계를 그렸다. 그리고 세 번째 장은 선생님이 자신에게 찍힌 과거의 낙인과 그것이 스스로에게 드리운 어두운 그림자에 대해 고백하는 ‘유서’로 구성되어 있다.\n\n[마음]은 1914년, 도쿄와 오사카의《아사히 신문》에 동시에 연재되었다. 일본에서 가장 많이 읽히는 소설 중에 하나이며, 판매 부수가 1,700만 부를 돌파할 정도로 대중의 사랑을 받았다. 또한 근대소설의 규범이 되었다는 점에서 일본 근대문학 최고의 정전(正典)으로 꼽힌다.','동서양의 문학',296,2016,'나쓰메 소세키','현암사',0,0,0),(84,'픽션들','현대 소설의 패러다임을 창조한 보르헤스의 미학 세계!\n\n아르헨티나 문학을 대표하는 작가 호르헤 루이스 보르헤스의 소설집 『픽션들』. 1941년에 발표한 \'두 갈래로 갈라지는 오솔길들의 정원\'과 1944년에 발표한 \'기교들\'에 수록된 17편의 단편을 모은 책이다. 미셸 푸코, 자크 데리다, 움베르트 에코 등 현대 지성사의 핵심적인 인물들에게 큰 영향을 끼친 보르헤스의 세계관과 미학을 드러낸 대표작이다. 또한 일생 동안 장편소설을 한 편도 남기지 않은 것으로 유명한 단편 전문 작가 보르헤스의 문학적 정수를 엿볼 수 있다. 허구를 주제로 한 단편들은 가상과 실재, 기억과 환상의 경계를 넘나들며 생경하고 낯선 풍경을 보여준다.','동서양의 문학',251,2011,'호르헤 루이스 보르헤스','민음사',0,0,0),(85,'농담','초기작부터 후기작까지 만날 수 있는 쿤데라 문학의 정수!\n\n최고의 현대 소설가 중 한 명으로 꼽히는 밀란 쿤데라의 작품들을 선보이는 「밀란 쿤데라 전집」. 소설, 단편집, 희곡, 에세이 등 쿤데라의 작품 15종을 완역할 예정이다. 특히 르네 마그리트의 작품을 표지로 사용하여, 두 거장의 작품을 함께 소장하는 즐거움을 선사한다. 제1권에서는 쿤데라의 첫 소설인 『농담』을 소개한다. 농담 한마디 잘못 했다 ‘삶의 길 밖으로 내던져진’ 루드비크는 15년 만에 고향을 찾았다가 한때 사랑했던 여인 루치에와 마주치지만 그녀는 그를 알아보지 못한다. 당에 자신의 모든 것을 바쳤던 파벨은 새로운 삶을 찾아 떠나고, 파벨과 헤어진 후 루드비크와 사랑에 빠진 헬레나는 그에게 이용당했다는 사실을 깨닫고 죽음을 택하는데….','동서양의 문학',540,2011,'밀란 쿤데라','민음사',0,0,0),(86,'아버지와 아들','사회적 문제에 대한 날카로운 시각과\n인류 공통의 보편적 소재를 조화롭게 엮어낸 이반 투르게네프의 걸작.\n\n19세기 러시아의 사회정치적 현실을 지진계처럼 세밀하게 기록한 사실주의 작가 이반 투르게네프의 대표작. 이 소설에서 작가는 당시 대립하던 보수파와 급진파를 귀족 출신의 이상적 자유주의자인 \'아버지 세대\'와 잡계급 출신의 혁명적 민주주의자인 \'아들 세대\'로 대표해 그려낸다. 이러한 묘사, 특히 급진적인 사상의 주인공 바자로프에 대한 설정은 발표하자마자 보수주의자들과 진보주의자들의 뜨거운 논쟁을 불러일으켰다.\n\n또, 이 작품은 당시의 시대 상황과 부합해 화제를 일으켰던 것을 넘어 등장 인물들에 대한 생생한 성격 묘사와 시대를 초월한 소재로 오랜 기간 사랑 받고 있다. 작가는 세대적 갈등과 인생에 대한 철학적 사색, 뜨거운 연애감정 등 오늘날까지도 통용되는 공통의 정서를 담아내며 구시대의 사회정치적 소설로만 정의할 수는 없는 보편적 공감대의 작품을 선보인다.','동서양의 문학',332,2011,'이반 투르게네프','문학동네',0,0,0),(87,'삼대','한국 현대 문학이 이 땅에서 출발한지 반세기. 이제 문학과지성사가 그 역사를 정리해본다. \'살아 있는 동시대의 문학으로 읽는 새로운 한국문학전집\'이라는 타이틀에 걸맞게 김동인과 염상섭 등 한국 근 ·현대사의 명작들이 새롭게 태어났다. 기존의 문학전집에서 소홀히 다루어진 작가들을 포함시켰으며, 각 작가의 대표작 뿐만 아니라 숨겨진 수작을 발굴하고자 하였다. 또한 창작 당시의 오류를 수정하거나 수차례의 개작을 거친 내용을 충실히 반영하는 등 작품 원본을 토대로 엄밀하게 텍스트를 확정했다. 해당 편집자들의 꼼꼼한 주석과 현대어 맞춤법과 띄어쓰기로의 변환작업은 작품의 이해를 돕는다. 뿐만 아니라 특정 독자층만을 대상으로 한 것이 아니기 때문에 중 ·고등학생부터 대학생, 일반인에 이르기까지 한국 문학에 관심을 가진 모든 독자들이 접근할 수 있다.\n\n이번에 \'한국문학전집\'은 1차분으로 8권이 출간되었으며, 추후에 2개월가량의 간격으로 5권 안팎의 분량이 계속 출간될 예정이다.\n\n_『삼대』\n\n한국 근대 장편소설의 대표작으로 꼽히는 염상섭의 『삼대』. 1930년대 서울의 중산층 가족사를 통해 들여다본 우리 근대의 자화상을 그리고 있다.','동서양의 문학',710,2004,'염상섭','문학과지성사',0,0,0),(88,'적과 흑','제4차 산업혁명 세대를 위한\n진정한 독서의 길,\n세계문학 ‘축역본의 정본’ 시대를 열다!\n\n미래를 책임질 청소년 세대, 나아가 부모 세대를 위한 가장 체계적이고 혁신적인 세계문학 축역본의 정본 컬렉션 [생각하는 힘: 진형준 교수의 세계문학컬렉션] 제1권 『일리아스』. 모든 예술은 『일리아스』로부터 시작되었다는 말처럼 가장 오래되고 가장 위대한 서사시. 트로이 전쟁 9년째 마지막 50일간의 이야기로, 트로이의 운 명을 놓고 영웅들과 신들이 벌이는 대결전을 그린 기원전 8세기 작품이다.\n\n[생각하는 힘: 진형준 교수의 세계문학컬렉션]은 문학평론가이자 불문학자로서 제2대 한국문학번역원 원장을 역임한 진형준 교수가 평생 축적해온 현장 경험과 후세대를 위한 애정을 쏟아 부은 끝에 내놓는, 10년에 걸친 장기 프로젝트의 성과물이다. 『일리아스』와 『열국지』에서 『1984』와 『이방인』까지, 고대부터 현대에 이르는 세계문학 고전을 총망라할 이 컬렉션 중, 호메로스의 『일리아스』에서 스탕달의 『적과 흑』까지 20권이 먼저 첫선을 보인다.\n\n오늘날 한국 교육은 정답만 찾아, 외우고, 시험 치는 식의 구태의연한 틀에서 여전히 벗어나지 못하고 있다. 많은 이들의 우려처럼, 제4차 산업혁명 시대를 맞아 세상은 빛의 속도로 변하고 있는 상황에서, ‘입시’와 ‘진학’에만 매달리는 교육은 우리 아이들과 우리 사회의 미래를 어둡게 할 뿐이다. 인류학자 유발 하라리는 이렇게 단언한다. “30년 후에는 인공지능이 거의 모든 직업에서 인간을 밀어낼 것이다. 그러므로 학교 공부보다 책을 읽게 하는 것이 더 좋다.”\n\n[생각하는 힘: 진형준 교수의 세계문학컬렉션]은 이런 문제점을 해결하고 진정한 독서의 길을 제시하려는 대단히 가치 있고 선구적인 작업이다. 우리 사회에는 ‘고전’을 읽어야 한다는, 그리고 반드시 ‘완역본’을 읽어야 한다는 주장이 팽배하다. 그러나 아이러니컬하게도 정작 그 작품들을 실제로 읽어본 사람은 거의 없다. 한마디로 ‘죽은’ 고전이다. 진형준 교수는 바로 그 ‘죽어 있는’ 세계문학 고전을 청소년의 눈높이, 마음 깊이에 꼭 맞춰서 누구나 읽기 좋은, 믿을 만한 ‘축역본(remaster edition)의 정본(正本)’으로 재탄생시켜냈다.','동서양의 문학',368,2017,'스탕달','살림',5,6,1),(89,'대위의 딸','『대위의 딸』은 19세기 초에 나온 소설이지만, 요즘 러시아의 젊은이들도 시대의 격차를 느끼지 않고 술술 읽어나갈 수 있을 만큼 현대적인 언어감각으로 쓰였다는 평가를 받는다. 그 이유는 푸시킨이 러시아인들이 실제로 쓰고 말하는 언어를 작품 속에 끌어들였기 때문이다. 푸시킨은 고전주의 규범에 따라 미사여구의 문어로 창작되곤 하던 작풍을 탈피해 실제 사람들이 말하고 듣는 구어를 작품 속에 구현해냈다. 뿐만 아니라 이전의 낭만주의 문학을 벗어나 당대의 현실을 있는 그대로 작품 속에 옮겨내는 리얼리즘 문학을 러시아에 처음으로 도입했다. 이를 두고 투르게네프는 “푸시킨 이후의 작가들은 그가 개척한 길을 따라갈 수밖에 없었다.”라고 말한 바 있다. 그리고 그의 뒤를 이은 고골, 도스토옙스키, 톨스토이 모두 푸시킨을 위대한 작가이자 가장 존경하는 작가로 손꼽기를 주저하지 않았다.','동서양의 문학',328,2017,'알렉산드르 푸슈킨','새움',0,0,0),(90,'프린키피아 3','태양계의 구조편이다.자연계의 온갖 현상들을 밝혀 놓았다. 즉 행성들과 위성들의 운동, 밀물과 썰물현상을 과학적으로 설명하고 , 달의 운동,혜성들의 운동 등 태양계의 구조를 수학적으로 정리한 책이다.','과학 사상',300,2016,'아이작 뉴턴','교우사',0,0,0),(91,'종의 기원','생물은 어떻게 진화하였나?\n\n다윈 탄생 200주년을 기념하는 완역판『종의 기원』. 10년간 심혈을 기울인 송철용 교수의 새로운 번역으로 만날 수 있다.『종의 기원』은 생물의 진화론을 확립시키고, 생물학은 물론 사상학적으로도 획기적인 기준을 세운 고전이다. 마르크스의 <자본론>, 프로이트의 <꿈의 해석>과 함께 인류사에 큰 영향을 끼친 책으로 평가받고 있다.\n\n1831년 22세의 젊은 박물학자 다윈은 비글호를 타고 역사적인 항해를 떠난다. 5년간의 항해를 마치고 영국으로 돌아온 다윈은 <비글호 항해기>를 출판한 뒤 20여 년 동안 진화론을 입증할 방대한 증거와 자료들을 수집하였다. 그 연구결과를 바탕으로, 1859년 세계를 뒤흔든『종의 기원』을 발표하였다.\n\n다윈은 자연선택이라는 진화 메커니즘을 주장하고, 나무에서 뻗어가는 가지에 비유해 종 분화를 설명하였다. 그리고 그 두 가지 도구를 이용해 생명의 변화방식과 다양성을 밝혔다.『종의 기원』은 출간 뒤 150년이 지난 오늘날에도 여전히 현재진행형이며, 자연과학은 물론 의학, 철학, 심리학, 문학, 경제학 등 다양한 분야로 뻗어나가고 있다.','과학 사상',656,2009,'찰스 로버트 다윈','동서문화사',0,0,0),(92,'부분과 전체','양자혁학의 창시자 베르너 하이젠베르크의 증언!\n\n양자역학의 창시자 베르너 하이젠베르크가 펼쳐 놓는 원자물리학의 황금시대에 대한 증언 『부분과 전체』. 이 책은 베르너 하이젠베르크의 자서전으로 원자라는 미시 세계를 이해하는 데 혁명을 일으킨 양자역학의 발전에 참여한 수많은 천재들의 캐릭터와 일화가 기록돼 있다. 선지자적인 분위기를 풍기면서도 유머러스한 멘토 닐스 보어, 십대 때 상대성이론에 대한 논문을 발표한 수학 천재 볼프강 파울리, 상대성이론으로 과학자들의 상상력을 자극한 아인슈타인, 플랑크 상수로 유명한 독일 과학계의 정신적 지주 막스 플랑크, 양자역학의 난제를 우아한 수학으로 정식화한 슈뢰딩거 등 20세기 과학의 최고의 천재들이 펼치는 토론과 대화, 새로운 이론에 대한 다양한 사고실험 등은 학문이라는 것이 어떠한 과정을 통해 탄생하는 지 살펴볼 수 있다. 더불어 양자역학의 발전 과정뿐 아니라 과학에 관해서 못지않게 인간적, 철학적, 정치적인 다양한 문제들도 다룬다.','과학 사상',384,2005,'베르너 하이젠베르크','지식산업사',0,0,0),(93,'과학혁명의 구조','과학사와 과학철학을 뛰어넘어 인문학, 사회과학, 예술에 이르기까지 광범위한 영향력을 미치고 있는 토마스 쿤의 『과학혁명의 구조』는 과학의 진보가 누적적이라는 종래의 귀납적인 과학관에서 벗어나 근본적으로 과학적 지식의 발전이 혁명적이라는 데 주목하고 있다. 과학혁명들 사이에서 과학자들이 통상적으로 수행하는 안정된 과학활동을 가리켜 정상과학이라고 규정하고, 이러한 정상과학은 \'과학자 사회\'는 패러다임에 의존한다. 쿤이 말하는 과학혁명이란 정상과학이 심각한 이상현상들의 빈번한 출현에 의해서 위기에 부딪혀 붕괴될 때 일어나는 현상으로서, 그 결과는 새로운 정상과학의 출현을 가져온다.','과학 사상',304,2002,'토마스 쿤','까치글방',0,0,0),(94,'카오스','카오스 신개정판. 이 책에서는 카오스의 이론의 탄생과 발전 과정, 앞으로의 전망을 종합적으로 설명하고 있다. 뉴욕타임스 과학 기자였던 저자가 3여에 걸친 과학자들을 인터뷰하고 논문을 검토하여 알기 쉽게 설명하고 있다.\n\n대기의 움직임, 날씨 변동, 복잡한 해류, 심장의 고동, 뇌파 주기의 변동, 세탁기, 팬히터, 로봇 등 카오스 현상이 적용되는 다양한 사례들을 중심으로 카오스 이론의 전모를 소설처럼 쉽게 파헤치고 있다.','과학 사상',407,2006,'제임스 글릭','누림',0,0,0),(95,'코스모스','20년전에 출판되어 과학 교양서의 고전이 된 칼 세이건의 <코스모스>. 그동안 절판되어 많은 독자들을 안타깝게 했던 이 책이 새롭게 완역되어 출간되었다. 우주의 탄생, 은하계의 진화, 태양의 삶과 죽음, 우주를 떠돌던 먼지가 의식 있는 생명이 되는 과정, 외계 생명의 존재 문제 등이 250여 컷의 사진과 일러스트, 우아한 문체로 흥미롭고 박진감 넘치게 묘사되었다.\n\n현대 천문학을 대표하는 저명한 과학자인 칼 세이건은 이 책에서 사람들의 상상력을 사로잡고, 난해한 개념을 명쾌하게 해설하는 놀라운 능력을 마음껏 발휘한다. 그는 에라토스테네스, 데모크리토스, 히파티아, 케플러, 갈릴레오, 뉴턴, 다윈 같은 과학의 탐험가들이 개척해 놓은 길을 따라가며 과거, 현재, 미래의 과학이 이뤘고, 이루고 있으며, 앞으로 이룰 성과들을 알기 쉽게 풀이해 들려준다. 그리고 과학의 발전을 심오한 철학적 사색과 엮어 장대한 문명사적 맥락 속에서 코스모스를 탐구한 인간 정신의 발달 과정으로 재조명해 낸다.\n\n이번에 나온 <코스모스>는 칼 세이건 재단과 한국어판 번역 출판에 대한 정식 계약을 체결해 이전 판에서 빠져 있거나 흑백으로 실려 있던 사진과 이미지를 원작 그대로 싣고, 매끄럽게 새로 번역했다. \'우주\'를 알고 싶을 때 맨 처음 사람들이 찾았던 이 책은 세월이 흘렀음에도 불구하고 여전히 그 매력과 가치를 그대로 지니고 있다.','과학 사상',584,2004,'칼 세이건','사이언스북스',0,0,0),(96,'총, 균, 쇠','인류문명의 불균형은 총, 균, 쇠 때문이다!\n\n퓰리처상을 수상한 세계적 석학 재레드 다이아몬드 박사의 『총, 균, 쇠』. 2005년의 개정판을 다시 개정 출간한 것으로, 기존의 32컷의 사진에서 18컷을 추가한 총 50컷의 사진이 수록되어 있다. ‘왜 어떤 민족들은 다른 민족들의 정복과 지배의 대상으로 전락하고 말았는가?’, ‘왜 각 대륙들마다 문명의 발달 속도에 차이가 생겨났는가?’, ‘인간 사회의 다양한 문명은 어디에서 비롯되었는가?’라는 의문을 명쾌하게 분석하여 그 해답을 제시한다.\n\n이 책은 모든 인류가 수렵과 채집으로 살아가던 1만 3천 년 전 석기시대로 거슬러 올라간다. 저자는 제국, 지역, 문자, 농작물, 총의 기원뿐만 아니라 각 대륙의 인류 사회가 각기 다른 발전의 길을 걷게 된 원인을 설득력 있게 설명함으로써, 역사에 대한 인종주의적 이론의 허구를 벗겨낸다. 뉴기니와 아메리카 원주민에서부터 현대 유럽인과 일본인에 이르기까지, 세계 각지의 인간 생활에 관한 이야기를 흥미진진하게 풀어낸다.','과학 사상',760,2013,'재레드 다이아몬드','문학사상사',0,0,0),(97,'엔트로피','엔트로피 법칙이란 무엇인가?\n\n‘물질이 열역학적 변화를 일으킬 때 변화된 온도를 열량으로 나눈 값으로서, 쓸 수 없게 된 에너지’를 뜻하는 엔트로피는 가용 에너지를 초과하는 상황에 대한 경고를 담고 있는 책이다. 이를 통해서 역사를 진보로 보는 시각을 무너뜨리고, 과학과 기술이 보다 질서 있는 사회를 만들 것이라는 환상을 다시 한 번 생각해보게 해준다.\n\n엔트로피 법칙에 따르면 지구상이건 우주건 어디서든 질서를 창조하기 위해선 더 큰 무질서를 만들어내야 한다. 그러나 질서를 창조하기 위해 사용된 수많은 에너지는 일부는 쓸 수 없는 에너지로 환경오염이란 이름으로, 실업이란 이름으로 인류에게 혼돈만 가져다 주었다. 무엇보다 우리는 지구 자원의 한계를 인식하고 저低엔트로피 세계관을 받아들여야 한다. 그렇게라도 하지 않으면 인류의 역사가 우리 세대에서 끝나게 될지도 모른다.','과학 사상',352,2015,'제레미 리프킨','세종연구원',0,0,0),(98,'객관성의 칼날','기호와 수식으로 차있는 텍스트와 실험실에서 몸으로 때우는 작업에 익숙해 있는 과학도나 공학도가 문자 중심의 인문학에 접근하는 것은 쉬운 일이 아니다. 이들이 그나마 인문학 쪽으로 왕래할 수 있도록 교량 역할을 하는 것은 역사라는 인문학적 틀을 빌려 과학기술을 바라보려는 과학기술사다. \'과학사상의 역사에 관한 에세이\'라는 부제가 붙은 이 책은 서양과학의 전개 과정을 각 시대 사조 속에서 독창적인 인간들이 벌이는 활동으로 조명한다.','과학 사상',592,2005,'찰스 길리스피','새물결',0,0,0),(99,'같기도 하고 아니 같기도 하고','화학의 근원과 다양한 화학 문제들을 예와 함께 설명 한 저서.쌍둥이의 삶,분자모방, 분자의 합성,화학에 서의 삶 등 화학에 대한 이해를 돕는 책.','과학 사상',376,1996,'로얼드 호프만','까치',0,0,0);
/*!40000 ALTER TABLE `bookinfo` ENABLE KEYS */;
UNLOCK TABLES;

--
-- Table structure for table `bookreadlist`
--

DROP TABLE IF EXISTS `bookreadlist`;
/*!40101 SET @saved_cs_client     = @@character_set_client */;
/*!50503 SET character_set_client = utf8mb4 */;
CREATE TABLE `bookreadlist` (
  `userID` varchar(20) NOT NULL,
  `bookID` int(11) NOT NULL,
  PRIMARY KEY (`userID`,`bookID`)
) ENGINE=InnoDB DEFAULT CHARSET=utf8mb4;
/*!40101 SET character_set_client = @saved_cs_client */;

--
-- Dumping data for table `bookreadlist`
--

LOCK TABLES `bookreadlist` WRITE;
/*!40000 ALTER TABLE `bookreadlist` DISABLE KEYS */;
INSERT INTO `bookreadlist` (`userID`, `bookID`) VALUES ('1q2w3e',3),('1q2w3e',7),('1q2w3e',88),('qqq111',2),('qqq111',88),('sejong',1),('sejong',3),('sejong',88),('shinmh',1),('shinmh',2),('shinmh',88),('sssmin',1),('sssmin',3),('sssmin',4),('sssmin',5),('sssmin',6),('sssmin',88),('test',1),('test',2),('test',3),('test',4),('test',5),('test',6),('test',88);
/*!40000 ALTER TABLE `bookreadlist` ENABLE KEYS */;
UNLOCK TABLES;

--
-- Table structure for table `feed`
--

DROP TABLE IF EXISTS `feed`;
/*!40101 SET @saved_cs_client     = @@character_set_client */;
/*!50503 SET character_set_client = utf8mb4 */;
CREATE TABLE `feed` (
  `feedID` int(11) NOT NULL AUTO_INCREMENT,
  `userID` varchar(20) NOT NULL,
  `feedString` varchar(200) NOT NULL,
  `feedPIC` varchar(50) DEFAULT NULL,
  PRIMARY KEY (`feedID`)
) ENGINE=InnoDB AUTO_INCREMENT=35 DEFAULT CHARSET=utf8mb4;
/*!40101 SET character_set_client = @saved_cs_client */;

--
-- Dumping data for table `feed`
--

LOCK TABLES `feed` WRITE;
/*!40000 ALTER TABLE `feed` DISABLE KEYS */;
INSERT INTO `feed` (`feedID`, `userID`, `feedString`, `feedPIC`) VALUES (33,'sejong','10월 독서 경시대회 일정입니다.\n1등 (4명) : 상장 (장학금 70)\n2등 (8명) : 상장 (장학금 50)\n3등 (12명) : 상장 (장학금 30)\n\n많은 참여 바랍니다.  - 세종대학교','./feed/image/1577398114615.jpg'),(34,'sejong','11월 독서 경시대회 추천도서입니다.\n- 1등 (4명) : 상장 (장학금 70만원)\n\n- 2등 (8명) : 상장 (장학금 50만원)\n\n- 3등 (12명) : 상장 (장학금 30만원)\n\n- 4등 (40명) : 상장 (장학금 10만원)\n\n* 고전도서로 시험을 본 학생에 한해, 입상자 외에도 일정 성적을 취득한 학생은 고전독서 인증을 부여할 예정임(대양휴머니티칼','./feed/image/1577398192277.jpg');
/*!40000 ALTER TABLE `feed` ENABLE KEYS */;
UNLOCK TABLES;

--
-- Table structure for table `feedcomment`
--

DROP TABLE IF EXISTS `feedcomment`;
/*!40101 SET @saved_cs_client     = @@character_set_client */;
/*!50503 SET character_set_client = utf8mb4 */;
CREATE TABLE `feedcomment` (
  `feedCommentID` int(11) NOT NULL AUTO_INCREMENT,
  `feedID` int(11) NOT NULL,
  `userID` varchar(20) NOT NULL,
  `feedCommentString` varchar(200) NOT NULL,
  PRIMARY KEY (`feedCommentID`)
) ENGINE=InnoDB AUTO_INCREMENT=5 DEFAULT CHARSET=utf8mb4;
/*!40101 SET character_set_client = @saved_cs_client */;

--
-- Dumping data for table `feedcomment`
--

LOCK TABLES `feedcomment` WRITE;
/*!40000 ALTER TABLE `feedcomment` DISABLE KEYS */;
/*!40000 ALTER TABLE `feedcomment` ENABLE KEYS */;
UNLOCK TABLES;

--
-- Table structure for table `feedlike`
--

DROP TABLE IF EXISTS `feedlike`;
/*!40101 SET @saved_cs_client     = @@character_set_client */;
/*!50503 SET character_set_client = utf8mb4 */;
CREATE TABLE `feedlike` (
  `feedID` int(11) NOT NULL,
  `userID` varchar(20) NOT NULL,
  PRIMARY KEY (`feedID`,`userID`)
) ENGINE=InnoDB DEFAULT CHARSET=utf8mb4;
/*!40101 SET character_set_client = @saved_cs_client */;

--
-- Dumping data for table `feedlike`
--

LOCK TABLES `feedlike` WRITE;
/*!40000 ALTER TABLE `feedlike` DISABLE KEYS */;
INSERT INTO `feedlike` (`feedID`, `userID`) VALUES (33,'sejong'),(34,'sejong'),(34,'test');
/*!40000 ALTER TABLE `feedlike` ENABLE KEYS */;
UNLOCK TABLES;

--
-- Table structure for table `review`
--

DROP TABLE IF EXISTS `review`;
/*!40101 SET @saved_cs_client     = @@character_set_client */;
/*!50503 SET character_set_client = utf8mb4 */;
CREATE TABLE `review` (
  `reviewID` int(11) NOT NULL AUTO_INCREMENT,
  `reviewUserID` varchar(20) NOT NULL,
  `reviewBookID` int(11) NOT NULL,
  `reviewString` varchar(200) NOT NULL,
  `reviewStar` double NOT NULL DEFAULT 0,
  PRIMARY KEY (`reviewID`)
) ENGINE=InnoDB AUTO_INCREMENT=23 DEFAULT CHARSET=utf8mb4;
/*!40101 SET character_set_client = @saved_cs_client */;

--
-- Dumping data for table `review`
--

LOCK TABLES `review` WRITE;
/*!40000 ALTER TABLE `review` DISABLE KEYS */;
INSERT INTO `review` (`reviewID`, `reviewUserID`, `reviewBookID`, `reviewString`, `reviewStar`) VALUES (12,'shinmh',88,'줄리앙은 정말로 멋진 야심가 였습니다! 그리고 고전독서 개꿀 도서이니 읽고 시험보시면 좋습니다. 책도 짧아서 습게 읽힙니다',5),(13,'shinmh',1,'진짜 제일 재미없습니다. 제발 다른책 읽는거 추천해요',2),(14,'shinmh',2,'꿀중에 꿀입니다 저는 완전 추천해요',4),(15,'sssmin',1,'플라톤이 생각한 국가에 대해 잘 알수 있었고, 저는 재미있게 읽었지만 독서인증을 통과못해 3.5점 줍니다. 그리고 시험문제로 기억나는것은 국가란 무엇인가의 플라톤이 내린 정의가 있습니다. 등등 제자들도 이름 많이 나옵니다.',4),(16,'sssmin',88,'줄리앙 이쁘게 나오는데 진짜 저런 카사노바가 없습니다. 그리고 시험문제로 줄리앙이 어느 장소에서 묻어줬나 그거 동굴입니다. 그리고 줄리앙을 사랑한 과부의 이름? 나오는데 틀렸습니다. 시험 잘보시길 바랍니다~~',5),(17,'sssmin',3,'리뷰',3),(18,'sssmin',4,'리뷰',1.5),(19,'sssmin',5,'리뷰',1),(20,'sssmin',6,'리뷰',2.5),(21,'1q2w3e',7,'좋앙',4),(22,'test',88,'정말 좋은 책입니다.\n문제로는\n1. 줄리앙의 꿈은? - 목사\n2. 줄리앙이 누구에게 고용되었는가? - 시장\n3. 줄리앙이 시장의 집에서 경험한 것으로 틀린것은?? - 잘 기억이 안납니다.\n4. 줄리앙이 죽은 장소는? - 교수형\n5. 줄리앙이 묻힌 곳은? - 동굴\n\n줄리앙 위주로 시험은 나옵니다',5);
/*!40000 ALTER TABLE `review` ENABLE KEYS */;
UNLOCK TABLES;

--
-- Table structure for table `reviewlike`
--

DROP TABLE IF EXISTS `reviewlike`;
/*!40101 SET @saved_cs_client     = @@character_set_client */;
/*!50503 SET character_set_client = utf8mb4 */;
CREATE TABLE `reviewlike` (
  `reviewID` int(11) NOT NULL,
  `userID` varchar(20) NOT NULL,
  PRIMARY KEY (`reviewID`,`userID`)
) ENGINE=InnoDB DEFAULT CHARSET=utf8mb4;
/*!40101 SET character_set_client = @saved_cs_client */;

--
-- Dumping data for table `reviewlike`
--

LOCK TABLES `reviewlike` WRITE;
/*!40000 ALTER TABLE `reviewlike` DISABLE KEYS */;
INSERT INTO `reviewlike` (`reviewID`, `userID`) VALUES (12,'sssmin'),(12,'test'),(16,'sssmin'),(16,'test'),(22,'test');
/*!40000 ALTER TABLE `reviewlike` ENABLE KEYS */;
UNLOCK TABLES;

--
-- Table structure for table `userinfo`
--

DROP TABLE IF EXISTS `userinfo`;
/*!40101 SET @saved_cs_client     = @@character_set_client */;
/*!50503 SET character_set_client = utf8mb4 */;
CREATE TABLE `userinfo` (
  `userID` varchar(20) NOT NULL,
  `userPW` varchar(100) NOT NULL,
  `userPIC` varchar(50) DEFAULT NULL,
  PRIMARY KEY (`userID`)
) ENGINE=InnoDB DEFAULT CHARSET=utf8mb4;
/*!40101 SET character_set_client = @saved_cs_client */;

--
-- Dumping data for table `userinfo`
--

LOCK TABLES `userinfo` WRITE;
/*!40000 ALTER TABLE `userinfo` DISABLE KEYS */;
INSERT INTO `userinfo` (`userID`, `userPW`, `userPIC`) VALUES ('1q2w3e','$2b$10$Gm3UVurd8nZfL7WGSYKEreVfgn9M4BaII9iekKWEMDf3MeF7Gvr.m','./user/image/1q2w3e.jpg'),('qkdlql','$2b$10$xyCmlqD9l4fYceXoaCoaxuSLrZ2/VnmKTH.EM2Ko..Xzlp5v.Boji',NULL),('qqq111','$2b$10$/qR4qEQaXfeIAvZ3CrVTDuzCOSaG8mGYQit8n5rFq3tQxxntfbSh2',NULL),('sejong','$2b$10$djLN5LVOtf6WcEY7XAbTGOxur1h6XwaTy/SyBTg3mi/CXC/dAv3NC','./user/image/sejong.jpg'),('shinmh','$2b$10$.pNEI5SGmk02zUscpN/60.uoPNquP6jaYR.P/g.OIFvjUAomPQTZC','./user/image/shinmh.jpg'),('sssmin','$2b$10$nqTxEfPJC55f8YgPgIlpouvLghSsVj29ejKLqgbdODHX/oVc7S0ty',NULL),('test','$2b$10$dhh5x.OOwPFsepsfaeaCV.442rJKLj4yJyFkfh2oQBaOJjlUPOTBa','./user/image/test.jpg');
/*!40000 ALTER TABLE `userinfo` ENABLE KEYS */;
UNLOCK TABLES;

--
-- Dumping routines for database 'GoDok'
--
/*!40103 SET TIME_ZONE=@OLD_TIME_ZONE */;

/*!40101 SET SQL_MODE=@OLD_SQL_MODE */;
/*!40014 SET FOREIGN_KEY_CHECKS=@OLD_FOREIGN_KEY_CHECKS */;
/*!40014 SET UNIQUE_CHECKS=@OLD_UNIQUE_CHECKS */;
/*!40101 SET CHARACTER_SET_CLIENT=@OLD_CHARACTER_SET_CLIENT */;
/*!40101 SET CHARACTER_SET_RESULTS=@OLD_CHARACTER_SET_RESULTS */;
/*!40101 SET COLLATION_CONNECTION=@OLD_COLLATION_CONNECTION */;
/*!40111 SET SQL_NOTES=@OLD_SQL_NOTES */;

-- Dump completed on 2020-01-28  1:22:03
